
count-fidget-Q4-stm32.elf:     file format elf32-littlearm


Disassembly of section .text:

080000c0 <Reset_Handler>:
 80000c0:	b510      	push	{r4, lr}
 80000c2:	4a0a      	ldr	r2, [pc, #40]	@ (80000ec <Reset_Handler+0x2c>)
 80000c4:	4b0a      	ldr	r3, [pc, #40]	@ (80000f0 <Reset_Handler+0x30>)
 80000c6:	490b      	ldr	r1, [pc, #44]	@ (80000f4 <Reset_Handler+0x34>)
 80000c8:	428b      	cmp	r3, r1
 80000ca:	d309      	bcc.n	80000e0 <Reset_Handler+0x20>
 80000cc:	2100      	movs	r1, #0
 80000ce:	4b0a      	ldr	r3, [pc, #40]	@ (80000f8 <Reset_Handler+0x38>)
 80000d0:	4a0a      	ldr	r2, [pc, #40]	@ (80000fc <Reset_Handler+0x3c>)
 80000d2:	4293      	cmp	r3, r2
 80000d4:	d307      	bcc.n	80000e6 <Reset_Handler+0x26>
 80000d6:	f000 fb17 	bl	8000708 <main>
 80000da:	f000 fa39 	bl	8000550 <panic>
 80000de:	bd10      	pop	{r4, pc}
 80000e0:	ca01      	ldmia	r2!, {r0}
 80000e2:	c301      	stmia	r3!, {r0}
 80000e4:	e7f0      	b.n	80000c8 <Reset_Handler+0x8>
 80000e6:	c302      	stmia	r3!, {r1}
 80000e8:	e7f3      	b.n	80000d2 <Reset_Handler+0x12>
 80000ea:	46c0      	nop			@ (mov r8, r8)
 80000ec:	08001f0c 	.word	0x08001f0c
 80000f0:	20000000 	.word	0x20000000
 80000f4:	20000038 	.word	0x20000038
 80000f8:	20000038 	.word	0x20000038
 80000fc:	20000970 	.word	0x20000970

08000100 <Default_Handler>:
 8000100:	b510      	push	{r4, lr}
 8000102:	f000 fa25 	bl	8000550 <panic>
 8000106:	bd10      	pop	{r4, pc}

08000108 <now>:
 8000108:	4b01      	ldr	r3, [pc, #4]	@ (8000110 <now+0x8>)
 800010a:	6818      	ldr	r0, [r3, #0]
 800010c:	4770      	bx	lr
 800010e:	46c0      	nop			@ (mov r8, r8)
 8000110:	200000b0 	.word	0x200000b0

08000114 <power>:
 8000114:	2202      	movs	r2, #2
 8000116:	4b11      	ldr	r3, [pc, #68]	@ (800015c <power+0x48>)
 8000118:	2800      	cmp	r0, #0
 800011a:	d11c      	bne.n	8000156 <power+0x42>
 800011c:	4a10      	ldr	r2, [pc, #64]	@ (8000160 <power+0x4c>)
 800011e:	6050      	str	r0, [r2, #4]
 8000120:	6010      	str	r0, [r2, #0]
 8000122:	2203      	movs	r2, #3
 8000124:	6819      	ldr	r1, [r3, #0]
 8000126:	430a      	orrs	r2, r1
 8000128:	601a      	str	r2, [r3, #0]
 800012a:	22c0      	movs	r2, #192	@ 0xc0
 800012c:	6819      	ldr	r1, [r3, #0]
 800012e:	0492      	lsls	r2, r2, #18
 8000130:	430a      	orrs	r2, r1
 8000132:	601a      	str	r2, [r3, #0]
 8000134:	22c0      	movs	r2, #192	@ 0xc0
 8000136:	6819      	ldr	r1, [r3, #0]
 8000138:	0512      	lsls	r2, r2, #20
 800013a:	430a      	orrs	r2, r1
 800013c:	601a      	str	r2, [r3, #0]
 800013e:	22c0      	movs	r2, #192	@ 0xc0
 8000140:	6819      	ldr	r1, [r3, #0]
 8000142:	0592      	lsls	r2, r2, #22
 8000144:	430a      	orrs	r2, r1
 8000146:	601a      	str	r2, [r3, #0]
 8000148:	22c0      	movs	r2, #192	@ 0xc0
 800014a:	6819      	ldr	r1, [r3, #0]
 800014c:	0612      	lsls	r2, r2, #24
 800014e:	430a      	orrs	r2, r1
 8000150:	601a      	str	r2, [r3, #0]
 8000152:	2280      	movs	r2, #128	@ 0x80
 8000154:	0292      	lsls	r2, r2, #10
 8000156:	619a      	str	r2, [r3, #24]
 8000158:	4770      	bx	lr
 800015a:	46c0      	nop			@ (mov r8, r8)
 800015c:	50000400 	.word	0x50000400
 8000160:	40003800 	.word	0x40003800

08000164 <reset>:
 8000164:	2203      	movs	r2, #3
 8000166:	4b08      	ldr	r3, [pc, #32]	@ (8000188 <reset+0x24>)
 8000168:	6819      	ldr	r1, [r3, #0]
 800016a:	4391      	bics	r1, r2
 800016c:	3a02      	subs	r2, #2
 800016e:	430a      	orrs	r2, r1
 8000170:	601a      	str	r2, [r3, #0]
 8000172:	4242      	negs	r2, r0
 8000174:	4150      	adcs	r0, r2
 8000176:	4a05      	ldr	r2, [pc, #20]	@ (800018c <reset+0x28>)
 8000178:	4240      	negs	r0, r0
 800017a:	4010      	ands	r0, r2
 800017c:	2280      	movs	r2, #128	@ 0x80
 800017e:	0252      	lsls	r2, r2, #9
 8000180:	1880      	adds	r0, r0, r2
 8000182:	6198      	str	r0, [r3, #24]
 8000184:	4770      	bx	lr
 8000186:	46c0      	nop			@ (mov r8, r8)
 8000188:	50000400 	.word	0x50000400
 800018c:	ffff0001 	.word	0xffff0001

08000190 <power_good>:
 8000190:	4b05      	ldr	r3, [pc, #20]	@ (80001a8 <power_good+0x18>)
 8000192:	7818      	ldrb	r0, [r3, #0]
 8000194:	2800      	cmp	r0, #0
 8000196:	d005      	beq.n	80001a4 <power_good+0x14>
 8000198:	4b04      	ldr	r3, [pc, #16]	@ (80001ac <power_good+0x1c>)
 800019a:	6858      	ldr	r0, [r3, #4]
 800019c:	2301      	movs	r3, #1
 800019e:	0740      	lsls	r0, r0, #29
 80001a0:	0fc0      	lsrs	r0, r0, #31
 80001a2:	4058      	eors	r0, r3
 80001a4:	4770      	bx	lr
 80001a6:	46c0      	nop			@ (mov r8, r8)
 80001a8:	20000084 	.word	0x20000084
 80001ac:	40007000 	.word	0x40007000

080001b0 <spi1_wait>:
 80001b0:	0002      	movs	r2, r0
 80001b2:	20fa      	movs	r0, #250	@ 0xfa
 80001b4:	b570      	push	{r4, r5, r6, lr}
 80001b6:	2560      	movs	r5, #96	@ 0x60
 80001b8:	4c09      	ldr	r4, [pc, #36]	@ (80001e0 <spi1_wait+0x30>)
 80001ba:	0080      	lsls	r0, r0, #2
 80001bc:	68a3      	ldr	r3, [r4, #8]
 80001be:	422b      	tst	r3, r5
 80001c0:	d109      	bne.n	80001d6 <spi1_wait+0x26>
 80001c2:	68a3      	ldr	r3, [r4, #8]
 80001c4:	4013      	ands	r3, r2
 80001c6:	1e5e      	subs	r6, r3, #1
 80001c8:	41b3      	sbcs	r3, r6
 80001ca:	428b      	cmp	r3, r1
 80001cc:	d005      	beq.n	80001da <spi1_wait+0x2a>
 80001ce:	3801      	subs	r0, #1
 80001d0:	2800      	cmp	r0, #0
 80001d2:	d1f3      	bne.n	80001bc <spi1_wait+0xc>
 80001d4:	bd70      	pop	{r4, r5, r6, pc}
 80001d6:	2000      	movs	r0, #0
 80001d8:	e7fc      	b.n	80001d4 <spi1_wait+0x24>
 80001da:	2001      	movs	r0, #1
 80001dc:	e7fa      	b.n	80001d4 <spi1_wait+0x24>
 80001de:	46c0      	nop			@ (mov r8, r8)
 80001e0:	40013000 	.word	0x40013000

080001e4 <bus_abort>:
 80001e4:	2300      	movs	r3, #0
 80001e6:	2180      	movs	r1, #128	@ 0x80
 80001e8:	4a0a      	ldr	r2, [pc, #40]	@ (8000214 <bus_abort+0x30>)
 80001ea:	0149      	lsls	r1, r1, #5
 80001ec:	6013      	str	r3, [r2, #0]
 80001ee:	4a0a      	ldr	r2, [pc, #40]	@ (8000218 <bus_abort+0x34>)
 80001f0:	6053      	str	r3, [r2, #4]
 80001f2:	6013      	str	r3, [r2, #0]
 80001f4:	4a09      	ldr	r2, [pc, #36]	@ (800021c <bus_abort+0x38>)
 80001f6:	6191      	str	r1, [r2, #24]
 80001f8:	2180      	movs	r1, #128	@ 0x80
 80001fa:	4a09      	ldr	r2, [pc, #36]	@ (8000220 <bus_abort+0x3c>)
 80001fc:	01c9      	lsls	r1, r1, #7
 80001fe:	6a90      	ldr	r0, [r2, #40]	@ 0x28
 8000200:	4301      	orrs	r1, r0
 8000202:	6291      	str	r1, [r2, #40]	@ 0x28
 8000204:	6a91      	ldr	r1, [r2, #40]	@ 0x28
 8000206:	4807      	ldr	r0, [pc, #28]	@ (8000224 <bus_abort+0x40>)
 8000208:	4001      	ands	r1, r0
 800020a:	6291      	str	r1, [r2, #40]	@ 0x28
 800020c:	4a06      	ldr	r2, [pc, #24]	@ (8000228 <bus_abort+0x44>)
 800020e:	7013      	strb	r3, [r2, #0]
 8000210:	4770      	bx	lr
 8000212:	46c0      	nop			@ (mov r8, r8)
 8000214:	40005400 	.word	0x40005400
 8000218:	40003800 	.word	0x40003800
 800021c:	50000400 	.word	0x50000400
 8000220:	40021000 	.word	0x40021000
 8000224:	ffffbfff 	.word	0xffffbfff
 8000228:	2000008c 	.word	0x2000008c

0800022c <bus_poll>:
 800022c:	b510      	push	{r4, lr}
 800022e:	4b13      	ldr	r3, [pc, #76]	@ (800027c <bus_poll+0x50>)
 8000230:	781a      	ldrb	r2, [r3, #0]
 8000232:	2a01      	cmp	r2, #1
 8000234:	d10e      	bne.n	8000254 <bus_poll+0x28>
 8000236:	4a12      	ldr	r2, [pc, #72]	@ (8000280 <bus_poll+0x54>)
 8000238:	7811      	ldrb	r1, [r2, #0]
 800023a:	4a12      	ldr	r2, [pc, #72]	@ (8000284 <bus_poll+0x58>)
 800023c:	7812      	ldrb	r2, [r2, #0]
 800023e:	4291      	cmp	r1, r2
 8000240:	d108      	bne.n	8000254 <bus_poll+0x28>
 8000242:	2202      	movs	r2, #2
 8000244:	4910      	ldr	r1, [pc, #64]	@ (8000288 <bus_poll+0x5c>)
 8000246:	688c      	ldr	r4, [r1, #8]
 8000248:	4214      	tst	r4, r2
 800024a:	d003      	beq.n	8000254 <bus_poll+0x28>
 800024c:	6889      	ldr	r1, [r1, #8]
 800024e:	0609      	lsls	r1, r1, #24
 8000250:	d400      	bmi.n	8000254 <bus_poll+0x28>
 8000252:	701a      	strb	r2, [r3, #0]
 8000254:	781a      	ldrb	r2, [r3, #0]
 8000256:	2a02      	cmp	r2, #2
 8000258:	d103      	bne.n	8000262 <bus_poll+0x36>
 800025a:	f7ff ffc3 	bl	80001e4 <bus_abort>
 800025e:	2001      	movs	r0, #1
 8000260:	bd10      	pop	{r4, pc}
 8000262:	781b      	ldrb	r3, [r3, #0]
 8000264:	2b01      	cmp	r3, #1
 8000266:	d105      	bne.n	8000274 <bus_poll+0x48>
 8000268:	4b08      	ldr	r3, [pc, #32]	@ (800028c <bus_poll+0x60>)
 800026a:	681b      	ldr	r3, [r3, #0]
 800026c:	1ac3      	subs	r3, r0, r3
 800026e:	2000      	movs	r0, #0
 8000270:	2b13      	cmp	r3, #19
 8000272:	d9f5      	bls.n	8000260 <bus_poll+0x34>
 8000274:	f7ff ffb6 	bl	80001e4 <bus_abort>
 8000278:	2002      	movs	r0, #2
 800027a:	e7f1      	b.n	8000260 <bus_poll+0x34>
 800027c:	2000008c 	.word	0x2000008c
 8000280:	2000008d 	.word	0x2000008d
 8000284:	2000008e 	.word	0x2000008e
 8000288:	40003800 	.word	0x40003800
 800028c:	20000088 	.word	0x20000088

08000290 <fram_exchange>:
 8000290:	b5f7      	push	{r0, r1, r2, r4, r5, r6, r7, lr}
 8000292:	001e      	movs	r6, r3
 8000294:	3b01      	subs	r3, #1
 8000296:	9100      	str	r1, [sp, #0]
 8000298:	9201      	str	r2, [sp, #4]
 800029a:	2b22      	cmp	r3, #34	@ 0x22
 800029c:	d901      	bls.n	80002a2 <fram_exchange+0x12>
 800029e:	2000      	movs	r0, #0
 80002a0:	bdfe      	pop	{r1, r2, r3, r4, r5, r6, r7, pc}
 80002a2:	f7ff ff75 	bl	8000190 <power_good>
 80002a6:	2800      	cmp	r0, #0
 80002a8:	d0f9      	beq.n	800029e <fram_exchange+0xe>
 80002aa:	2280      	movs	r2, #128	@ 0x80
 80002ac:	23fa      	movs	r3, #250	@ 0xfa
 80002ae:	4c26      	ldr	r4, [pc, #152]	@ (8000348 <fram_exchange+0xb8>)
 80002b0:	0052      	lsls	r2, r2, #1
 80002b2:	61a2      	str	r2, [r4, #24]
 80002b4:	009b      	lsls	r3, r3, #2
 80002b6:	6921      	ldr	r1, [r4, #16]
 80002b8:	4211      	tst	r1, r2
 80002ba:	d11e      	bne.n	80002fa <fram_exchange+0x6a>
 80002bc:	3b01      	subs	r3, #1
 80002be:	2b00      	cmp	r3, #0
 80002c0:	d1f9      	bne.n	80002b6 <fram_exchange+0x26>
 80002c2:	e7ec      	b.n	800029e <fram_exchange+0xe>
 80002c4:	2101      	movs	r1, #1
 80002c6:	9b00      	ldr	r3, [sp, #0]
 80002c8:	4f20      	ldr	r7, [pc, #128]	@ (800034c <fram_exchange+0xbc>)
 80002ca:	5d5b      	ldrb	r3, [r3, r5]
 80002cc:	0008      	movs	r0, r1
 80002ce:	703b      	strb	r3, [r7, #0]
 80002d0:	f7ff ff6e 	bl	80001b0 <spi1_wait>
 80002d4:	2800      	cmp	r0, #0
 80002d6:	d01a      	beq.n	800030e <fram_exchange+0x7e>
 80002d8:	783b      	ldrb	r3, [r7, #0]
 80002da:	9a01      	ldr	r2, [sp, #4]
 80002dc:	5553      	strb	r3, [r2, r5]
 80002de:	3501      	adds	r5, #1
 80002e0:	42ae      	cmp	r6, r5
 80002e2:	d10e      	bne.n	8000302 <fram_exchange+0x72>
 80002e4:	2101      	movs	r1, #1
 80002e6:	2002      	movs	r0, #2
 80002e8:	f7ff ff62 	bl	80001b0 <spi1_wait>
 80002ec:	2800      	cmp	r0, #0
 80002ee:	d00f      	beq.n	8000310 <fram_exchange+0x80>
 80002f0:	2100      	movs	r1, #0
 80002f2:	2080      	movs	r0, #128	@ 0x80
 80002f4:	f7ff ff5c 	bl	80001b0 <spi1_wait>
 80002f8:	e00a      	b.n	8000310 <fram_exchange+0x80>
 80002fa:	2380      	movs	r3, #128	@ 0x80
 80002fc:	2500      	movs	r5, #0
 80002fe:	045b      	lsls	r3, r3, #17
 8000300:	61a3      	str	r3, [r4, #24]
 8000302:	2101      	movs	r1, #1
 8000304:	2002      	movs	r0, #2
 8000306:	f7ff ff53 	bl	80001b0 <spi1_wait>
 800030a:	2800      	cmp	r0, #0
 800030c:	d1da      	bne.n	80002c4 <fram_exchange+0x34>
 800030e:	2000      	movs	r0, #0
 8000310:	2380      	movs	r3, #128	@ 0x80
 8000312:	005b      	lsls	r3, r3, #1
 8000314:	61a3      	str	r3, [r4, #24]
 8000316:	18db      	adds	r3, r3, r3
 8000318:	46c0      	nop			@ (mov r8, r8)
 800031a:	3b01      	subs	r3, #1
 800031c:	2b00      	cmp	r3, #0
 800031e:	d1fb      	bne.n	8000318 <fram_exchange+0x88>
 8000320:	2800      	cmp	r0, #0
 8000322:	d1bd      	bne.n	80002a0 <fram_exchange+0x10>
 8000324:	4b0a      	ldr	r3, [pc, #40]	@ (8000350 <fram_exchange+0xc0>)
 8000326:	6018      	str	r0, [r3, #0]
 8000328:	23c0      	movs	r3, #192	@ 0xc0
 800032a:	6822      	ldr	r2, [r4, #0]
 800032c:	4313      	orrs	r3, r2
 800032e:	6023      	str	r3, [r4, #0]
 8000330:	23c0      	movs	r3, #192	@ 0xc0
 8000332:	6822      	ldr	r2, [r4, #0]
 8000334:	009b      	lsls	r3, r3, #2
 8000336:	4313      	orrs	r3, r2
 8000338:	6023      	str	r3, [r4, #0]
 800033a:	23c0      	movs	r3, #192	@ 0xc0
 800033c:	6822      	ldr	r2, [r4, #0]
 800033e:	011b      	lsls	r3, r3, #4
 8000340:	4313      	orrs	r3, r2
 8000342:	6023      	str	r3, [r4, #0]
 8000344:	e7ab      	b.n	800029e <fram_exchange+0xe>
 8000346:	46c0      	nop			@ (mov r8, r8)
 8000348:	50000400 	.word	0x50000400
 800034c:	4001300c 	.word	0x4001300c
 8000350:	40013000 	.word	0x40013000

08000354 <bus_start>:
 8000354:	b5f8      	push	{r3, r4, r5, r6, r7, lr}
 8000356:	1e4b      	subs	r3, r1, #1
 8000358:	0005      	movs	r5, r0
 800035a:	000c      	movs	r4, r1
 800035c:	0016      	movs	r6, r2
 800035e:	2000      	movs	r0, #0
 8000360:	2b1f      	cmp	r3, #31
 8000362:	d852      	bhi.n	800040a <bus_start+0xb6>
 8000364:	4f29      	ldr	r7, [pc, #164]	@ (800040c <bus_start+0xb8>)
 8000366:	783b      	ldrb	r3, [r7, #0]
 8000368:	2b01      	cmp	r3, #1
 800036a:	d04e      	beq.n	800040a <bus_start+0xb6>
 800036c:	f7ff ff3a 	bl	80001e4 <bus_abort>
 8000370:	4b27      	ldr	r3, [pc, #156]	@ (8000410 <bus_start+0xbc>)
 8000372:	4a28      	ldr	r2, [pc, #160]	@ (8000414 <bus_start+0xc0>)
 8000374:	701c      	strb	r4, [r3, #0]
 8000376:	2300      	movs	r3, #0
 8000378:	4927      	ldr	r1, [pc, #156]	@ (8000418 <bus_start+0xc4>)
 800037a:	7013      	strb	r3, [r2, #0]
 800037c:	5ce8      	ldrb	r0, [r5, r3]
 800037e:	54c8      	strb	r0, [r1, r3]
 8000380:	3301      	adds	r3, #1
 8000382:	42a3      	cmp	r3, r4
 8000384:	d3fa      	bcc.n	800037c <bus_start+0x28>
 8000386:	2001      	movs	r0, #1
 8000388:	7038      	strb	r0, [r7, #0]
 800038a:	7010      	strb	r0, [r2, #0]
 800038c:	2280      	movs	r2, #128	@ 0x80
 800038e:	4b23      	ldr	r3, [pc, #140]	@ (800041c <bus_start+0xc8>)
 8000390:	0152      	lsls	r2, r2, #5
 8000392:	601e      	str	r6, [r3, #0]
 8000394:	4b22      	ldr	r3, [pc, #136]	@ (8000420 <bus_start+0xcc>)
 8000396:	4c23      	ldr	r4, [pc, #140]	@ (8000424 <bus_start+0xd0>)
 8000398:	619a      	str	r2, [r3, #24]
 800039a:	6819      	ldr	r1, [r3, #0]
 800039c:	4a22      	ldr	r2, [pc, #136]	@ (8000428 <bus_start+0xd4>)
 800039e:	4011      	ands	r1, r2
 80003a0:	2280      	movs	r2, #128	@ 0x80
 80003a2:	0452      	lsls	r2, r2, #17
 80003a4:	430a      	orrs	r2, r1
 80003a6:	601a      	str	r2, [r3, #0]
 80003a8:	681a      	ldr	r2, [r3, #0]
 80003aa:	4920      	ldr	r1, [pc, #128]	@ (800042c <bus_start+0xd8>)
 80003ac:	400a      	ands	r2, r1
 80003ae:	2180      	movs	r1, #128	@ 0x80
 80003b0:	0549      	lsls	r1, r1, #21
 80003b2:	430a      	orrs	r2, r1
 80003b4:	601a      	str	r2, [r3, #0]
 80003b6:	6a5a      	ldr	r2, [r3, #36]	@ 0x24
 80003b8:	4022      	ands	r2, r4
 80003ba:	625a      	str	r2, [r3, #36]	@ 0x24
 80003bc:	681c      	ldr	r4, [r3, #0]
 80003be:	4a1c      	ldr	r2, [pc, #112]	@ (8000430 <bus_start+0xdc>)
 80003c0:	4014      	ands	r4, r2
 80003c2:	2280      	movs	r2, #128	@ 0x80
 80003c4:	0512      	lsls	r2, r2, #20
 80003c6:	4322      	orrs	r2, r4
 80003c8:	2480      	movs	r4, #128	@ 0x80
 80003ca:	601a      	str	r2, [r3, #0]
 80003cc:	6a5a      	ldr	r2, [r3, #36]	@ 0x24
 80003ce:	0624      	lsls	r4, r4, #24
 80003d0:	0112      	lsls	r2, r2, #4
 80003d2:	0912      	lsrs	r2, r2, #4
 80003d4:	625a      	str	r2, [r3, #36]	@ 0x24
 80003d6:	681a      	ldr	r2, [r3, #0]
 80003d8:	0092      	lsls	r2, r2, #2
 80003da:	0892      	lsrs	r2, r2, #2
 80003dc:	4322      	orrs	r2, r4
 80003de:	2440      	movs	r4, #64	@ 0x40
 80003e0:	601a      	str	r2, [r3, #0]
 80003e2:	782a      	ldrb	r2, [r5, #0]
 80003e4:	4022      	ands	r2, r4
 80003e6:	4255      	negs	r5, r2
 80003e8:	416a      	adcs	r2, r5
 80003ea:	4d12      	ldr	r5, [pc, #72]	@ (8000434 <bus_start+0xe0>)
 80003ec:	4252      	negs	r2, r2
 80003ee:	402a      	ands	r2, r5
 80003f0:	2580      	movs	r5, #128	@ 0x80
 80003f2:	01ed      	lsls	r5, r5, #7
 80003f4:	1952      	adds	r2, r2, r5
 80003f6:	619a      	str	r2, [r3, #24]
 80003f8:	6199      	str	r1, [r3, #24]
 80003fa:	4a0f      	ldr	r2, [pc, #60]	@ (8000438 <bus_start+0xe4>)
 80003fc:	4b0f      	ldr	r3, [pc, #60]	@ (800043c <bus_start+0xe8>)
 80003fe:	601a      	str	r2, [r3, #0]
 8000400:	22a0      	movs	r2, #160	@ 0xa0
 8000402:	605a      	str	r2, [r3, #4]
 8000404:	681a      	ldr	r2, [r3, #0]
 8000406:	4314      	orrs	r4, r2
 8000408:	601c      	str	r4, [r3, #0]
 800040a:	bdf8      	pop	{r3, r4, r5, r6, r7, pc}
 800040c:	2000008c 	.word	0x2000008c
 8000410:	2000008e 	.word	0x2000008e
 8000414:	2000008d 	.word	0x2000008d
 8000418:	2000008f 	.word	0x2000008f
 800041c:	20000088 	.word	0x20000088
 8000420:	50000400 	.word	0x50000400
 8000424:	ff0fffff 	.word	0xff0fffff
 8000428:	fcffffff 	.word	0xfcffffff
 800042c:	cfffffff 	.word	0xcfffffff
 8000430:	f3ffffff 	.word	0xf3ffffff
 8000434:	3fffc000 	.word	0x3fffc000
 8000438:	0000c304 	.word	0x0000c304
 800043c:	40003800 	.word	0x40003800

08000440 <storage_init>:
 8000440:	2280      	movs	r2, #128	@ 0x80
 8000442:	b570      	push	{r4, r5, r6, lr}
 8000444:	4b34      	ldr	r3, [pc, #208]	@ (8000518 <storage_init+0xd8>)
 8000446:	0152      	lsls	r2, r2, #5
 8000448:	6a59      	ldr	r1, [r3, #36]	@ 0x24
 800044a:	b088      	sub	sp, #32
 800044c:	430a      	orrs	r2, r1
 800044e:	625a      	str	r2, [r3, #36]	@ 0x24
 8000450:	6a5a      	ldr	r2, [r3, #36]	@ 0x24
 8000452:	4932      	ldr	r1, [pc, #200]	@ (800051c <storage_init+0xdc>)
 8000454:	4c32      	ldr	r4, [pc, #200]	@ (8000520 <storage_init+0xe0>)
 8000456:	400a      	ands	r2, r1
 8000458:	625a      	str	r2, [r3, #36]	@ 0x24
 800045a:	6822      	ldr	r2, [r4, #0]
 800045c:	6823      	ldr	r3, [r4, #0]
 800045e:	1a9b      	subs	r3, r3, r2
 8000460:	2b13      	cmp	r3, #19
 8000462:	d955      	bls.n	8000510 <storage_init+0xd0>
 8000464:	2280      	movs	r2, #128	@ 0x80
 8000466:	4b2f      	ldr	r3, [pc, #188]	@ (8000524 <storage_init+0xe4>)
 8000468:	0052      	lsls	r2, r2, #1
 800046a:	619a      	str	r2, [r3, #24]
 800046c:	6859      	ldr	r1, [r3, #4]
 800046e:	2000      	movs	r0, #0
 8000470:	430a      	orrs	r2, r1
 8000472:	605a      	str	r2, [r3, #4]
 8000474:	6819      	ldr	r1, [r3, #0]
 8000476:	4a2c      	ldr	r2, [pc, #176]	@ (8000528 <storage_init+0xe8>)
 8000478:	4011      	ands	r1, r2
 800047a:	2280      	movs	r2, #128	@ 0x80
 800047c:	0252      	lsls	r2, r2, #9
 800047e:	430a      	orrs	r2, r1
 8000480:	601a      	str	r2, [r3, #0]
 8000482:	6a1a      	ldr	r2, [r3, #32]
 8000484:	4929      	ldr	r1, [pc, #164]	@ (800052c <storage_init+0xec>)
 8000486:	400a      	ands	r2, r1
 8000488:	621a      	str	r2, [r3, #32]
 800048a:	22c0      	movs	r2, #192	@ 0xc0
 800048c:	6819      	ldr	r1, [r3, #0]
 800048e:	4391      	bics	r1, r2
 8000490:	3a40      	subs	r2, #64	@ 0x40
 8000492:	430a      	orrs	r2, r1
 8000494:	601a      	str	r2, [r3, #0]
 8000496:	6a1a      	ldr	r2, [r3, #32]
 8000498:	4925      	ldr	r1, [pc, #148]	@ (8000530 <storage_init+0xf0>)
 800049a:	400a      	ands	r2, r1
 800049c:	621a      	str	r2, [r3, #32]
 800049e:	6819      	ldr	r1, [r3, #0]
 80004a0:	4a24      	ldr	r2, [pc, #144]	@ (8000534 <storage_init+0xf4>)
 80004a2:	4011      	ands	r1, r2
 80004a4:	2280      	movs	r2, #128	@ 0x80
 80004a6:	0092      	lsls	r2, r2, #2
 80004a8:	430a      	orrs	r2, r1
 80004aa:	601a      	str	r2, [r3, #0]
 80004ac:	6a1a      	ldr	r2, [r3, #32]
 80004ae:	4922      	ldr	r1, [pc, #136]	@ (8000538 <storage_init+0xf8>)
 80004b0:	400a      	ands	r2, r1
 80004b2:	621a      	str	r2, [r3, #32]
 80004b4:	6819      	ldr	r1, [r3, #0]
 80004b6:	4a21      	ldr	r2, [pc, #132]	@ (800053c <storage_init+0xfc>)
 80004b8:	4011      	ands	r1, r2
 80004ba:	2280      	movs	r2, #128	@ 0x80
 80004bc:	0112      	lsls	r2, r2, #4
 80004be:	430a      	orrs	r2, r1
 80004c0:	601a      	str	r2, [r3, #0]
 80004c2:	22d5      	movs	r2, #213	@ 0xd5
 80004c4:	4b1e      	ldr	r3, [pc, #120]	@ (8000540 <storage_init+0x100>)
 80004c6:	0092      	lsls	r2, r2, #2
 80004c8:	601a      	str	r2, [r3, #0]
 80004ca:	2303      	movs	r3, #3
 80004cc:	aa05      	add	r2, sp, #20
 80004ce:	9304      	str	r3, [sp, #16]
 80004d0:	a904      	add	r1, sp, #16
 80004d2:	3301      	adds	r3, #1
 80004d4:	f7ff fedc 	bl	8000290 <fram_exchange>
 80004d8:	6822      	ldr	r2, [r4, #0]
 80004da:	6823      	ldr	r3, [r4, #0]
 80004dc:	1a9b      	subs	r3, r3, r2
 80004de:	2b01      	cmp	r3, #1
 80004e0:	d918      	bls.n	8000514 <storage_init+0xd4>
 80004e2:	4b18      	ldr	r3, [pc, #96]	@ (8000544 <storage_init+0x104>)
 80004e4:	4e18      	ldr	r6, [pc, #96]	@ (8000548 <storage_init+0x108>)
 80004e6:	9306      	str	r3, [sp, #24]
 80004e8:	2300      	movs	r3, #0
 80004ea:	a906      	add	r1, sp, #24
 80004ec:	0030      	movs	r0, r6
 80004ee:	9307      	str	r3, [sp, #28]
 80004f0:	f001 f8dc 	bl	80016ac <fram_init>
 80004f4:	4d15      	ldr	r5, [pc, #84]	@ (800054c <storage_init+0x10c>)
 80004f6:	0031      	movs	r1, r6
 80004f8:	4668      	mov	r0, sp
 80004fa:	f001 f925 	bl	8001748 <fram_storage>
 80004fe:	466c      	mov	r4, sp
 8000500:	002b      	movs	r3, r5
 8000502:	cc23      	ldmia	r4!, {r0, r1, r5}
 8000504:	c323      	stmia	r3!, {r0, r1, r5}
 8000506:	001a      	movs	r2, r3
 8000508:	6823      	ldr	r3, [r4, #0]
 800050a:	6013      	str	r3, [r2, #0]
 800050c:	b008      	add	sp, #32
 800050e:	bd70      	pop	{r4, r5, r6, pc}
 8000510:	bf30      	wfi
 8000512:	e7a3      	b.n	800045c <storage_init+0x1c>
 8000514:	bf30      	wfi
 8000516:	e7e0      	b.n	80004da <storage_init+0x9a>
 8000518:	40021000 	.word	0x40021000
 800051c:	ffffefff 	.word	0xffffefff
 8000520:	200000b0 	.word	0x200000b0
 8000524:	50000400 	.word	0x50000400
 8000528:	fffcffff 	.word	0xfffcffff
 800052c:	ffff0fff 	.word	0xffff0fff
 8000530:	fff0ffff 	.word	0xfff0ffff
 8000534:	fffffcff 	.word	0xfffffcff
 8000538:	ff0fffff 	.word	0xff0fffff
 800053c:	fffff3ff 	.word	0xfffff3ff
 8000540:	40013000 	.word	0x40013000
 8000544:	08000291 	.word	0x08000291
 8000548:	2000003c 	.word	0x2000003c
 800054c:	20000074 	.word	0x20000074

08000550 <panic>:
 8000550:	b537      	push	{r0, r1, r2, r4, r5, lr}
 8000552:	b672      	cpsid	i
 8000554:	2302      	movs	r3, #2
 8000556:	4c14      	ldr	r4, [pc, #80]	@ (80005a8 <panic+0x58>)
 8000558:	2001      	movs	r0, #1
 800055a:	6ae2      	ldr	r2, [r4, #44]	@ 0x2c
 800055c:	4d13      	ldr	r5, [pc, #76]	@ (80005ac <panic+0x5c>)
 800055e:	4313      	orrs	r3, r2
 8000560:	62e3      	str	r3, [r4, #44]	@ 0x2c
 8000562:	6ae3      	ldr	r3, [r4, #44]	@ 0x2c
 8000564:	f7ff fdfe 	bl	8000164 <reset>
 8000568:	2303      	movs	r3, #3
 800056a:	682a      	ldr	r2, [r5, #0]
 800056c:	439a      	bics	r2, r3
 800056e:	3b02      	subs	r3, #2
 8000570:	4313      	orrs	r3, r2
 8000572:	602b      	str	r3, [r5, #0]
 8000574:	6ba3      	ldr	r3, [r4, #56]	@ 0x38
 8000576:	4a0e      	ldr	r2, [pc, #56]	@ (80005b0 <panic+0x60>)
 8000578:	4013      	ands	r3, r2
 800057a:	63a3      	str	r3, [r4, #56]	@ 0x38
 800057c:	2300      	movs	r3, #0
 800057e:	4a0d      	ldr	r2, [pc, #52]	@ (80005b4 <panic+0x64>)
 8000580:	9301      	str	r3, [sp, #4]
 8000582:	9b01      	ldr	r3, [sp, #4]
 8000584:	4293      	cmp	r3, r2
 8000586:	d90a      	bls.n	800059e <panic+0x4e>
 8000588:	2000      	movs	r0, #0
 800058a:	f7ff fdc3 	bl	8000114 <power>
 800058e:	230c      	movs	r3, #12
 8000590:	682a      	ldr	r2, [r5, #0]
 8000592:	439a      	bics	r2, r3
 8000594:	3b08      	subs	r3, #8
 8000596:	4313      	orrs	r3, r2
 8000598:	602b      	str	r3, [r5, #0]
 800059a:	bf30      	wfi
 800059c:	e7fd      	b.n	800059a <panic+0x4a>
 800059e:	46c0      	nop			@ (mov r8, r8)
 80005a0:	9b01      	ldr	r3, [sp, #4]
 80005a2:	3301      	adds	r3, #1
 80005a4:	9301      	str	r3, [sp, #4]
 80005a6:	e7ec      	b.n	8000582 <panic+0x32>
 80005a8:	40021000 	.word	0x40021000
 80005ac:	50000400 	.word	0x50000400
 80005b0:	fffff7ff 	.word	0xfffff7ff
 80005b4:	001e847f 	.word	0x001e847f

080005b8 <I2C1_IRQHandler>:
 80005b8:	4a17      	ldr	r2, [pc, #92]	@ (8000618 <I2C1_IRQHandler+0x60>)
 80005ba:	21e2      	movs	r1, #226	@ 0xe2
 80005bc:	6993      	ldr	r3, [r2, #24]
 80005be:	00c9      	lsls	r1, r1, #3
 80005c0:	0018      	movs	r0, r3
 80005c2:	4008      	ands	r0, r1
 80005c4:	420b      	tst	r3, r1
 80005c6:	d005      	beq.n	80005d4 <I2C1_IRQHandler+0x1c>
 80005c8:	2300      	movs	r3, #0
 80005ca:	6013      	str	r3, [r2, #0]
 80005cc:	2203      	movs	r2, #3
 80005ce:	4b13      	ldr	r3, [pc, #76]	@ (800061c <I2C1_IRQHandler+0x64>)
 80005d0:	701a      	strb	r2, [r3, #0]
 80005d2:	4770      	bx	lr
 80005d4:	2120      	movs	r1, #32
 80005d6:	420b      	tst	r3, r1
 80005d8:	d00c      	beq.n	80005f4 <I2C1_IRQHandler+0x3c>
 80005da:	61d1      	str	r1, [r2, #28]
 80005dc:	4b10      	ldr	r3, [pc, #64]	@ (8000620 <I2C1_IRQHandler+0x68>)
 80005de:	6010      	str	r0, [r2, #0]
 80005e0:	4a10      	ldr	r2, [pc, #64]	@ (8000624 <I2C1_IRQHandler+0x6c>)
 80005e2:	781b      	ldrb	r3, [r3, #0]
 80005e4:	7812      	ldrb	r2, [r2, #0]
 80005e6:	1a9b      	subs	r3, r3, r2
 80005e8:	1e5a      	subs	r2, r3, #1
 80005ea:	4193      	sbcs	r3, r2
 80005ec:	4a0b      	ldr	r2, [pc, #44]	@ (800061c <I2C1_IRQHandler+0x64>)
 80005ee:	3302      	adds	r3, #2
 80005f0:	7013      	strb	r3, [r2, #0]
 80005f2:	e7ee      	b.n	80005d2 <I2C1_IRQHandler+0x1a>
 80005f4:	079b      	lsls	r3, r3, #30
 80005f6:	d5ec      	bpl.n	80005d2 <I2C1_IRQHandler+0x1a>
 80005f8:	4909      	ldr	r1, [pc, #36]	@ (8000620 <I2C1_IRQHandler+0x68>)
 80005fa:	4b0a      	ldr	r3, [pc, #40]	@ (8000624 <I2C1_IRQHandler+0x6c>)
 80005fc:	7808      	ldrb	r0, [r1, #0]
 80005fe:	781b      	ldrb	r3, [r3, #0]
 8000600:	4298      	cmp	r0, r3
 8000602:	d2e6      	bcs.n	80005d2 <I2C1_IRQHandler+0x1a>
 8000604:	780b      	ldrb	r3, [r1, #0]
 8000606:	b2d8      	uxtb	r0, r3
 8000608:	3301      	adds	r3, #1
 800060a:	b2db      	uxtb	r3, r3
 800060c:	700b      	strb	r3, [r1, #0]
 800060e:	4b06      	ldr	r3, [pc, #24]	@ (8000628 <I2C1_IRQHandler+0x70>)
 8000610:	5c1b      	ldrb	r3, [r3, r0]
 8000612:	b2db      	uxtb	r3, r3
 8000614:	6293      	str	r3, [r2, #40]	@ 0x28
 8000616:	e7dc      	b.n	80005d2 <I2C1_IRQHandler+0x1a>
 8000618:	40005400 	.word	0x40005400
 800061c:	2000008c 	.word	0x2000008c
 8000620:	2000008d 	.word	0x2000008d
 8000624:	2000008e 	.word	0x2000008e
 8000628:	2000008f 	.word	0x2000008f

0800062c <SPI2_IRQHandler>:
 800062c:	2260      	movs	r2, #96	@ 0x60
 800062e:	4b11      	ldr	r3, [pc, #68]	@ (8000674 <SPI2_IRQHandler+0x48>)
 8000630:	6899      	ldr	r1, [r3, #8]
 8000632:	4211      	tst	r1, r2
 8000634:	d005      	beq.n	8000642 <SPI2_IRQHandler+0x16>
 8000636:	2200      	movs	r2, #0
 8000638:	605a      	str	r2, [r3, #4]
 800063a:	4b0f      	ldr	r3, [pc, #60]	@ (8000678 <SPI2_IRQHandler+0x4c>)
 800063c:	3203      	adds	r2, #3
 800063e:	701a      	strb	r2, [r3, #0]
 8000640:	4770      	bx	lr
 8000642:	689a      	ldr	r2, [r3, #8]
 8000644:	0792      	lsls	r2, r2, #30
 8000646:	d5fb      	bpl.n	8000640 <SPI2_IRQHandler+0x14>
 8000648:	4a0c      	ldr	r2, [pc, #48]	@ (800067c <SPI2_IRQHandler+0x50>)
 800064a:	490d      	ldr	r1, [pc, #52]	@ (8000680 <SPI2_IRQHandler+0x54>)
 800064c:	7810      	ldrb	r0, [r2, #0]
 800064e:	7809      	ldrb	r1, [r1, #0]
 8000650:	4288      	cmp	r0, r1
 8000652:	d20a      	bcs.n	800066a <SPI2_IRQHandler+0x3e>
 8000654:	7813      	ldrb	r3, [r2, #0]
 8000656:	b2d9      	uxtb	r1, r3
 8000658:	3301      	adds	r3, #1
 800065a:	b2db      	uxtb	r3, r3
 800065c:	7013      	strb	r3, [r2, #0]
 800065e:	4b09      	ldr	r3, [pc, #36]	@ (8000684 <SPI2_IRQHandler+0x58>)
 8000660:	4a09      	ldr	r2, [pc, #36]	@ (8000688 <SPI2_IRQHandler+0x5c>)
 8000662:	5c5b      	ldrb	r3, [r3, r1]
 8000664:	b2db      	uxtb	r3, r3
 8000666:	7013      	strb	r3, [r2, #0]
 8000668:	e7ea      	b.n	8000640 <SPI2_IRQHandler+0x14>
 800066a:	2180      	movs	r1, #128	@ 0x80
 800066c:	685a      	ldr	r2, [r3, #4]
 800066e:	438a      	bics	r2, r1
 8000670:	605a      	str	r2, [r3, #4]
 8000672:	e7e5      	b.n	8000640 <SPI2_IRQHandler+0x14>
 8000674:	40003800 	.word	0x40003800
 8000678:	2000008c 	.word	0x2000008c
 800067c:	2000008d 	.word	0x2000008d
 8000680:	2000008e 	.word	0x2000008e
 8000684:	2000008f 	.word	0x2000008f
 8000688:	4000380c 	.word	0x4000380c

0800068c <SysTick_Handler>:
 800068c:	4a08      	ldr	r2, [pc, #32]	@ (80006b0 <SysTick_Handler+0x24>)
 800068e:	b510      	push	{r4, lr}
 8000690:	6813      	ldr	r3, [r2, #0]
 8000692:	2103      	movs	r1, #3
 8000694:	3301      	adds	r3, #1
 8000696:	6013      	str	r3, [r2, #0]
 8000698:	23a0      	movs	r3, #160	@ 0xa0
 800069a:	05db      	lsls	r3, r3, #23
 800069c:	691b      	ldr	r3, [r3, #16]
 800069e:	4805      	ldr	r0, [pc, #20]	@ (80006b4 <SysTick_Handler+0x28>)
 80006a0:	400b      	ands	r3, r1
 80006a2:	3902      	subs	r1, #2
 80006a4:	6812      	ldr	r2, [r2, #0]
 80006a6:	4059      	eors	r1, r3
 80006a8:	f000 fc48 	bl	8000f3c <input_push>
 80006ac:	bd10      	pop	{r4, pc}
 80006ae:	46c0      	nop			@ (mov r8, r8)
 80006b0:	200000b0 	.word	0x200000b0
 80006b4:	200000f4 	.word	0x200000f4

080006b8 <EXTI0_1_IRQHandler>:
 80006b8:	2303      	movs	r3, #3
 80006ba:	4a0d      	ldr	r2, [pc, #52]	@ (80006f0 <EXTI0_1_IRQHandler+0x38>)
 80006bc:	b510      	push	{r4, lr}
 80006be:	6153      	str	r3, [r2, #20]
 80006c0:	22a0      	movs	r2, #160	@ 0xa0
 80006c2:	2401      	movs	r4, #1
 80006c4:	05d2      	lsls	r2, r2, #23
 80006c6:	6911      	ldr	r1, [r2, #16]
 80006c8:	4a0a      	ldr	r2, [pc, #40]	@ (80006f4 <EXTI0_1_IRQHandler+0x3c>)
 80006ca:	4019      	ands	r1, r3
 80006cc:	6812      	ldr	r2, [r2, #0]
 80006ce:	4061      	eors	r1, r4
 80006d0:	4809      	ldr	r0, [pc, #36]	@ (80006f8 <EXTI0_1_IRQHandler+0x40>)
 80006d2:	f000 fc33 	bl	8000f3c <input_push>
 80006d6:	4a09      	ldr	r2, [pc, #36]	@ (80006fc <EXTI0_1_IRQHandler+0x44>)
 80006d8:	7813      	ldrb	r3, [r2, #0]
 80006da:	b2d9      	uxtb	r1, r3
 80006dc:	2b00      	cmp	r3, #0
 80006de:	d106      	bne.n	80006ee <EXTI0_1_IRQHandler+0x36>
 80006e0:	4b07      	ldr	r3, [pc, #28]	@ (8000700 <EXTI0_1_IRQHandler+0x48>)
 80006e2:	4808      	ldr	r0, [pc, #32]	@ (8000704 <EXTI0_1_IRQHandler+0x4c>)
 80006e4:	6058      	str	r0, [r3, #4]
 80006e6:	6099      	str	r1, [r3, #8]
 80006e8:	7014      	strb	r4, [r2, #0]
 80006ea:	2207      	movs	r2, #7
 80006ec:	601a      	str	r2, [r3, #0]
 80006ee:	bd10      	pop	{r4, pc}
 80006f0:	40010400 	.word	0x40010400
 80006f4:	200000b0 	.word	0x200000b0
 80006f8:	200000f4 	.word	0x200000f4
 80006fc:	200000af 	.word	0x200000af
 8000700:	e000e010 	.word	0xe000e010
 8000704:	00000f9f 	.word	0x00000f9f

08000708 <main>:
 8000708:	b5f0      	push	{r4, r5, r6, r7, lr}
 800070a:	b08d      	sub	sp, #52	@ 0x34
 800070c:	b672      	cpsid	i
 800070e:	2307      	movs	r3, #7
 8000710:	4fbc      	ldr	r7, [pc, #752]	@ (8000a04 <main+0x2fc>)
 8000712:	4cbd      	ldr	r4, [pc, #756]	@ (8000a08 <main+0x300>)
 8000714:	6afa      	ldr	r2, [r7, #44]	@ 0x2c
 8000716:	2000      	movs	r0, #0
 8000718:	4313      	orrs	r3, r2
 800071a:	62fb      	str	r3, [r7, #44]	@ 0x2c
 800071c:	6bba      	ldr	r2, [r7, #56]	@ 0x38
 800071e:	4bbb      	ldr	r3, [pc, #748]	@ (8000a0c <main+0x304>)
 8000720:	25c0      	movs	r5, #192	@ 0xc0
 8000722:	4313      	orrs	r3, r2
 8000724:	63bb      	str	r3, [r7, #56]	@ 0x38
 8000726:	6b7a      	ldr	r2, [r7, #52]	@ 0x34
 8000728:	4bb9      	ldr	r3, [pc, #740]	@ (8000a10 <main+0x308>)
 800072a:	00ad      	lsls	r5, r5, #2
 800072c:	4313      	orrs	r3, r2
 800072e:	637b      	str	r3, [r7, #52]	@ 0x34
 8000730:	4ab8      	ldr	r2, [pc, #736]	@ (8000a14 <main+0x30c>)
 8000732:	6b7b      	ldr	r3, [r7, #52]	@ 0x34
 8000734:	68e3      	ldr	r3, [r4, #12]
 8000736:	4013      	ands	r3, r2
 8000738:	60e3      	str	r3, [r4, #12]
 800073a:	f7ff fceb 	bl	8000114 <power>
 800073e:	2001      	movs	r0, #1
 8000740:	f7ff fd10 	bl	8000164 <reset>
 8000744:	23a0      	movs	r3, #160	@ 0xa0
 8000746:	2280      	movs	r2, #128	@ 0x80
 8000748:	210c      	movs	r1, #12
 800074a:	05db      	lsls	r3, r3, #23
 800074c:	03d2      	lsls	r2, r2, #15
 800074e:	619a      	str	r2, [r3, #24]
 8000750:	6822      	ldr	r2, [r4, #0]
 8000752:	20c0      	movs	r0, #192	@ 0xc0
 8000754:	438a      	bics	r2, r1
 8000756:	3908      	subs	r1, #8
 8000758:	430a      	orrs	r2, r1
 800075a:	6022      	str	r2, [r4, #0]
 800075c:	2203      	movs	r2, #3
 800075e:	468c      	mov	ip, r1
 8000760:	6821      	ldr	r1, [r4, #0]
 8000762:	0100      	lsls	r0, r0, #4
 8000764:	4391      	bics	r1, r2
 8000766:	3a02      	subs	r2, #2
 8000768:	4311      	orrs	r1, r2
 800076a:	6021      	str	r1, [r4, #0]
 800076c:	6861      	ldr	r1, [r4, #4]
 800076e:	4391      	bics	r1, r2
 8000770:	6061      	str	r1, [r4, #4]
 8000772:	6819      	ldr	r1, [r3, #0]
 8000774:	4329      	orrs	r1, r5
 8000776:	6019      	str	r1, [r3, #0]
 8000778:	6819      	ldr	r1, [r3, #0]
 800077a:	4301      	orrs	r1, r0
 800077c:	6019      	str	r1, [r3, #0]
 800077e:	21c0      	movs	r1, #192	@ 0xc0
 8000780:	681e      	ldr	r6, [r3, #0]
 8000782:	0189      	lsls	r1, r1, #6
 8000784:	4331      	orrs	r1, r6
 8000786:	6019      	str	r1, [r3, #0]
 8000788:	21c0      	movs	r1, #192	@ 0xc0
 800078a:	681e      	ldr	r6, [r3, #0]
 800078c:	0289      	lsls	r1, r1, #10
 800078e:	430e      	orrs	r6, r1
 8000790:	601e      	str	r6, [r3, #0]
 8000792:	68de      	ldr	r6, [r3, #12]
 8000794:	49a0      	ldr	r1, [pc, #640]	@ (8000a18 <main+0x310>)
 8000796:	400e      	ands	r6, r1
 8000798:	60de      	str	r6, [r3, #12]
 800079a:	68e3      	ldr	r3, [r4, #12]
 800079c:	4e9f      	ldr	r6, [pc, #636]	@ (8000a1c <main+0x314>)
 800079e:	21c0      	movs	r1, #192	@ 0xc0
 80007a0:	4033      	ands	r3, r6
 80007a2:	60e3      	str	r3, [r4, #12]
 80007a4:	23c0      	movs	r3, #192	@ 0xc0
 80007a6:	6826      	ldr	r6, [r4, #0]
 80007a8:	0289      	lsls	r1, r1, #10
 80007aa:	4333      	orrs	r3, r6
 80007ac:	6023      	str	r3, [r4, #0]
 80007ae:	6823      	ldr	r3, [r4, #0]
 80007b0:	431d      	orrs	r5, r3
 80007b2:	6025      	str	r5, [r4, #0]
 80007b4:	6823      	ldr	r3, [r4, #0]
 80007b6:	4318      	orrs	r0, r3
 80007b8:	6020      	str	r0, [r4, #0]
 80007ba:	6823      	ldr	r3, [r4, #0]
 80007bc:	4898      	ldr	r0, [pc, #608]	@ (8000a20 <main+0x318>)
 80007be:	4319      	orrs	r1, r3
 80007c0:	6021      	str	r1, [r4, #0]
 80007c2:	6801      	ldr	r1, [r0, #0]
 80007c4:	4b97      	ldr	r3, [pc, #604]	@ (8000a24 <main+0x31c>)
 80007c6:	4019      	ands	r1, r3
 80007c8:	238b      	movs	r3, #139	@ 0x8b
 80007ca:	011b      	lsls	r3, r3, #4
 80007cc:	430b      	orrs	r3, r1
 80007ce:	6003      	str	r3, [r0, #0]
 80007d0:	2009      	movs	r0, #9
 80007d2:	4b95      	ldr	r3, [pc, #596]	@ (8000a28 <main+0x320>)
 80007d4:	6819      	ldr	r1, [r3, #0]
 80007d6:	4381      	bics	r1, r0
 80007d8:	4311      	orrs	r1, r2
 80007da:	6019      	str	r1, [r3, #0]
 80007dc:	6839      	ldr	r1, [r7, #0]
 80007de:	430a      	orrs	r2, r1
 80007e0:	2108      	movs	r1, #8
 80007e2:	603a      	str	r2, [r7, #0]
 80007e4:	683a      	ldr	r2, [r7, #0]
 80007e6:	438a      	bics	r2, r1
 80007e8:	603a      	str	r2, [r7, #0]
 80007ea:	4a90      	ldr	r2, [pc, #576]	@ (8000a2c <main+0x324>)
 80007ec:	4660      	mov	r0, ip
 80007ee:	6839      	ldr	r1, [r7, #0]
 80007f0:	4201      	tst	r1, r0
 80007f2:	d000      	beq.n	80007f6 <main+0xee>
 80007f4:	e329      	b.n	8000e4a <main+0x742>
 80007f6:	3a01      	subs	r2, #1
 80007f8:	2a00      	cmp	r2, #0
 80007fa:	d1f7      	bne.n	80007ec <main+0xe4>
 80007fc:	f7ff fea8 	bl	8000550 <panic>
 8000800:	69d9      	ldr	r1, [r3, #28]
 8000802:	2200      	movs	r2, #0
 8000804:	b2c9      	uxtb	r1, r1
 8000806:	29aa      	cmp	r1, #170	@ 0xaa
 8000808:	d107      	bne.n	800081a <main+0x112>
 800080a:	69d9      	ldr	r1, [r3, #28]
 800080c:	4291      	cmp	r1, r2
 800080e:	da04      	bge.n	800081a <main+0x112>
 8000810:	69db      	ldr	r3, [r3, #28]
 8000812:	3201      	adds	r2, #1
 8000814:	021b      	lsls	r3, r3, #8
 8000816:	0fdb      	lsrs	r3, r3, #31
 8000818:	405a      	eors	r2, r3
 800081a:	4b85      	ldr	r3, [pc, #532]	@ (8000a30 <main+0x328>)
 800081c:	200c      	movs	r0, #12
 800081e:	701a      	strb	r2, [r3, #0]
 8000820:	9302      	str	r3, [sp, #8]
 8000822:	23a0      	movs	r3, #160	@ 0xa0
 8000824:	2203      	movs	r2, #3
 8000826:	26ff      	movs	r6, #255	@ 0xff
 8000828:	05db      	lsls	r3, r3, #23
 800082a:	6819      	ldr	r1, [r3, #0]
 800082c:	2501      	movs	r5, #1
 800082e:	4391      	bics	r1, r2
 8000830:	6019      	str	r1, [r3, #0]
 8000832:	6819      	ldr	r1, [r3, #0]
 8000834:	4381      	bics	r1, r0
 8000836:	6019      	str	r1, [r3, #0]
 8000838:	68d9      	ldr	r1, [r3, #12]
 800083a:	1880      	adds	r0, r0, r2
 800083c:	4381      	bics	r1, r0
 800083e:	487d      	ldr	r0, [pc, #500]	@ (8000a34 <main+0x32c>)
 8000840:	60d9      	str	r1, [r3, #12]
 8000842:	6881      	ldr	r1, [r0, #8]
 8000844:	43b1      	bics	r1, r6
 8000846:	6081      	str	r1, [r0, #8]
 8000848:	487b      	ldr	r0, [pc, #492]	@ (8000a38 <main+0x330>)
 800084a:	4e7c      	ldr	r6, [pc, #496]	@ (8000a3c <main+0x334>)
 800084c:	6801      	ldr	r1, [r0, #0]
 800084e:	4311      	orrs	r1, r2
 8000850:	6001      	str	r1, [r0, #0]
 8000852:	6881      	ldr	r1, [r0, #8]
 8000854:	4311      	orrs	r1, r2
 8000856:	6081      	str	r1, [r0, #8]
 8000858:	68c1      	ldr	r1, [r0, #12]
 800085a:	4311      	orrs	r1, r2
 800085c:	60c1      	str	r1, [r0, #12]
 800085e:	6142      	str	r2, [r0, #20]
 8000860:	20c1      	movs	r0, #193	@ 0xc1
 8000862:	4977      	ldr	r1, [pc, #476]	@ (8000a40 <main+0x338>)
 8000864:	0080      	lsls	r0, r0, #2
 8000866:	4684      	mov	ip, r0
 8000868:	5808      	ldr	r0, [r1, r0]
 800086a:	4006      	ands	r6, r0
 800086c:	2080      	movs	r0, #128	@ 0x80
 800086e:	01c0      	lsls	r0, r0, #7
 8000870:	4330      	orrs	r0, r6
 8000872:	4666      	mov	r6, ip
 8000874:	5188      	str	r0, [r1, r6]
 8000876:	2680      	movs	r6, #128	@ 0x80
 8000878:	4872      	ldr	r0, [pc, #456]	@ (8000a44 <main+0x33c>)
 800087a:	05f6      	lsls	r6, r6, #23
 800087c:	6a00      	ldr	r0, [r0, #32]
 800087e:	0200      	lsls	r0, r0, #8
 8000880:	0a00      	lsrs	r0, r0, #8
 8000882:	4330      	orrs	r0, r6
 8000884:	4e6f      	ldr	r6, [pc, #444]	@ (8000a44 <main+0x33c>)
 8000886:	6230      	str	r0, [r6, #32]
 8000888:	2020      	movs	r0, #32
 800088a:	6008      	str	r0, [r1, #0]
 800088c:	20c0      	movs	r0, #192	@ 0xc0
 800088e:	6826      	ldr	r6, [r4, #0]
 8000890:	0480      	lsls	r0, r0, #18
 8000892:	4330      	orrs	r0, r6
 8000894:	6020      	str	r0, [r4, #0]
 8000896:	20c0      	movs	r0, #192	@ 0xc0
 8000898:	6826      	ldr	r6, [r4, #0]
 800089a:	0500      	lsls	r0, r0, #20
 800089c:	4330      	orrs	r0, r6
 800089e:	6020      	str	r0, [r4, #0]
 80008a0:	20c0      	movs	r0, #192	@ 0xc0
 80008a2:	6826      	ldr	r6, [r4, #0]
 80008a4:	0580      	lsls	r0, r0, #22
 80008a6:	4330      	orrs	r0, r6
 80008a8:	6020      	str	r0, [r4, #0]
 80008aa:	20c0      	movs	r0, #192	@ 0xc0
 80008ac:	6826      	ldr	r6, [r4, #0]
 80008ae:	0600      	lsls	r0, r0, #24
 80008b0:	4330      	orrs	r0, r6
 80008b2:	6020      	str	r0, [r4, #0]
 80008b4:	20c6      	movs	r0, #198	@ 0xc6
 80008b6:	0080      	lsls	r0, r0, #2
 80008b8:	4684      	mov	ip, r0
 80008ba:	4e63      	ldr	r6, [pc, #396]	@ (8000a48 <main+0x340>)
 80008bc:	5808      	ldr	r0, [r1, r0]
 80008be:	4006      	ands	r6, r0
 80008c0:	2080      	movs	r0, #128	@ 0x80
 80008c2:	0400      	lsls	r0, r0, #16
 80008c4:	4330      	orrs	r0, r6
 80008c6:	4666      	mov	r6, ip
 80008c8:	5188      	str	r0, [r1, r6]
 80008ca:	2080      	movs	r0, #128	@ 0x80
 80008cc:	04c0      	lsls	r0, r0, #19
 80008ce:	6008      	str	r0, [r1, #0]
 80008d0:	2600      	movs	r6, #0
 80008d2:	6919      	ldr	r1, [r3, #16]
 80008d4:	485d      	ldr	r0, [pc, #372]	@ (8000a4c <main+0x344>)
 80008d6:	4011      	ands	r1, r2
 80008d8:	4069      	eors	r1, r5
 80008da:	2200      	movs	r2, #0
 80008dc:	f000 fb2e 	bl	8000f3c <input_push>
 80008e0:	4a5b      	ldr	r2, [pc, #364]	@ (8000a50 <main+0x348>)
 80008e2:	4b5c      	ldr	r3, [pc, #368]	@ (8000a54 <main+0x34c>)
 80008e4:	6053      	str	r3, [r2, #4]
 80008e6:	4b5c      	ldr	r3, [pc, #368]	@ (8000a58 <main+0x350>)
 80008e8:	6096      	str	r6, [r2, #8]
 80008ea:	701d      	strb	r5, [r3, #0]
 80008ec:	2307      	movs	r3, #7
 80008ee:	6013      	str	r3, [r2, #0]
 80008f0:	b662      	cpsie	i
 80008f2:	f7ff fda5 	bl	8000440 <storage_init>
 80008f6:	4d59      	ldr	r5, [pc, #356]	@ (8000a5c <main+0x354>)
 80008f8:	0032      	movs	r2, r6
 80008fa:	0028      	movs	r0, r5
 80008fc:	4958      	ldr	r1, [pc, #352]	@ (8000a60 <main+0x358>)
 80008fe:	f000 fd81 	bl	8001404 <app_init>
 8000902:	4958      	ldr	r1, [pc, #352]	@ (8000a64 <main+0x35c>)
 8000904:	4858      	ldr	r0, [pc, #352]	@ (8000a68 <main+0x360>)
 8000906:	f001 f81c 	bl	8001942 <oled_init>
 800090a:	9b02      	ldr	r3, [sp, #8]
 800090c:	781b      	ldrb	r3, [r3, #0]
 800090e:	42b3      	cmp	r3, r6
 8000910:	d102      	bne.n	8000918 <main+0x210>
 8000912:	0028      	movs	r0, r5
 8000914:	f000 fd69 	bl	80013ea <app_storage_error>
 8000918:	2608      	movs	r6, #8
 800091a:	f3ef 8510 	mrs	r5, PRIMASK
 800091e:	b672      	cpsid	i
 8000920:	484a      	ldr	r0, [pc, #296]	@ (8000a4c <main+0x344>)
 8000922:	a90a      	add	r1, sp, #40	@ 0x28
 8000924:	f000 fb3e 	bl	8000fa4 <input_take>
 8000928:	0001      	movs	r1, r0
 800092a:	f385 8810 	msr	PRIMASK, r5
 800092e:	4d4b      	ldr	r5, [pc, #300]	@ (8000a5c <main+0x354>)
 8000930:	2800      	cmp	r0, #0
 8000932:	d006      	beq.n	8000942 <main+0x23a>
 8000934:	0028      	movs	r0, r5
 8000936:	aa0a      	add	r2, sp, #40	@ 0x28
 8000938:	3e01      	subs	r6, #1
 800093a:	f000 fd0a 	bl	8001352 <app_input>
 800093e:	2e00      	cmp	r6, #0
 8000940:	d1eb      	bne.n	800091a <main+0x212>
 8000942:	4b49      	ldr	r3, [pc, #292]	@ (8000a68 <main+0x360>)
 8000944:	781a      	ldrb	r2, [r3, #0]
 8000946:	9204      	str	r2, [sp, #16]
 8000948:	7f1b      	ldrb	r3, [r3, #28]
 800094a:	9305      	str	r3, [sp, #20]
 800094c:	6bab      	ldr	r3, [r5, #56]	@ 0x38
 800094e:	9306      	str	r3, [sp, #24]
 8000950:	002b      	movs	r3, r5
 8000952:	3361      	adds	r3, #97	@ 0x61
 8000954:	781b      	ldrb	r3, [r3, #0]
 8000956:	9307      	str	r3, [sp, #28]
 8000958:	002b      	movs	r3, r5
 800095a:	3360      	adds	r3, #96	@ 0x60
 800095c:	781b      	ldrb	r3, [r3, #0]
 800095e:	9308      	str	r3, [sp, #32]
 8000960:	4b42      	ldr	r3, [pc, #264]	@ (8000a6c <main+0x364>)
 8000962:	781b      	ldrb	r3, [r3, #0]
 8000964:	9309      	str	r3, [sp, #36]	@ 0x24
 8000966:	f7ff fc13 	bl	8000190 <power_good>
 800096a:	9003      	str	r0, [sp, #12]
 800096c:	9002      	str	r0, [sp, #8]
 800096e:	7a2b      	ldrb	r3, [r5, #8]
 8000970:	2b00      	cmp	r3, #0
 8000972:	d01b      	beq.n	80009ac <main+0x2a4>
 8000974:	2200      	movs	r2, #0
 8000976:	002e      	movs	r6, r5
 8000978:	4b3d      	ldr	r3, [pc, #244]	@ (8000a70 <main+0x368>)
 800097a:	3664      	adds	r6, #100	@ 0x64
 800097c:	701a      	strb	r2, [r3, #0]
 800097e:	7833      	ldrb	r3, [r6, #0]
 8000980:	4293      	cmp	r3, r2
 8000982:	d113      	bne.n	80009ac <main+0x2a4>
 8000984:	7f6b      	ldrb	r3, [r5, #29]
 8000986:	4293      	cmp	r3, r2
 8000988:	d100      	bne.n	800098c <main+0x284>
 800098a:	e218      	b.n	8000dbe <main+0x6b6>
 800098c:	4b39      	ldr	r3, [pc, #228]	@ (8000a74 <main+0x36c>)
 800098e:	781b      	ldrb	r3, [r3, #0]
 8000990:	4293      	cmp	r3, r2
 8000992:	d000      	beq.n	8000996 <main+0x28e>
 8000994:	e213      	b.n	8000dbe <main+0x6b6>
 8000996:	f7ff fbfb 	bl	8000190 <power_good>
 800099a:	2800      	cmp	r0, #0
 800099c:	d100      	bne.n	80009a0 <main+0x298>
 800099e:	e20e      	b.n	8000dbe <main+0x6b6>
 80009a0:	f7ff fd4e 	bl	8000440 <storage_init>
 80009a4:	7833      	ldrb	r3, [r6, #0]
 80009a6:	2b00      	cmp	r3, #0
 80009a8:	d100      	bne.n	80009ac <main+0x2a4>
 80009aa:	e208      	b.n	8000dbe <main+0x6b6>
 80009ac:	4b31      	ldr	r3, [pc, #196]	@ (8000a74 <main+0x36c>)
 80009ae:	4d32      	ldr	r5, [pc, #200]	@ (8000a78 <main+0x370>)
 80009b0:	781b      	ldrb	r3, [r3, #0]
 80009b2:	2b00      	cmp	r3, #0
 80009b4:	d102      	bne.n	80009bc <main+0x2b4>
 80009b6:	4829      	ldr	r0, [pc, #164]	@ (8000a5c <main+0x354>)
 80009b8:	f000 fd17 	bl	80013ea <app_storage_error>
 80009bc:	9b03      	ldr	r3, [sp, #12]
 80009be:	2b00      	cmp	r3, #0
 80009c0:	d003      	beq.n	80009ca <main+0x2c2>
 80009c2:	0028      	movs	r0, r5
 80009c4:	f000 fece 	bl	8001764 <fram_available>
 80009c8:	9002      	str	r0, [sp, #8]
 80009ca:	4d2c      	ldr	r5, [pc, #176]	@ (8000a7c <main+0x374>)
 80009cc:	4823      	ldr	r0, [pc, #140]	@ (8000a5c <main+0x354>)
 80009ce:	9b02      	ldr	r3, [sp, #8]
 80009d0:	682a      	ldr	r2, [r5, #0]
 80009d2:	4923      	ldr	r1, [pc, #140]	@ (8000a60 <main+0x358>)
 80009d4:	9002      	str	r0, [sp, #8]
 80009d6:	f000 fd34 	bl	8001442 <app_service>
 80009da:	9b02      	ldr	r3, [sp, #8]
 80009dc:	4e23      	ldr	r6, [pc, #140]	@ (8000a6c <main+0x364>)
 80009de:	7a1b      	ldrb	r3, [r3, #8]
 80009e0:	682d      	ldr	r5, [r5, #0]
 80009e2:	7830      	ldrb	r0, [r6, #0]
 80009e4:	2b00      	cmp	r3, #0
 80009e6:	d04b      	beq.n	8000a80 <main+0x378>
 80009e8:	2808      	cmp	r0, #8
 80009ea:	d86d      	bhi.n	8000ac8 <main+0x3c0>
 80009ec:	f001 f9b2 	bl	8001d54 <__gnu_thumb1_case_uhi>
 80009f0:	01260106 	.word	0x01260106
 80009f4:	01400136 	.word	0x01400136
 80009f8:	01590150 	.word	0x01590150
 80009fc:	006c016a 	.word	0x006c016a
 8000a00:	004d      	.short	0x004d
 8000a02:	46c0      	nop			@ (mov r8, r8)
 8000a04:	40021000 	.word	0x40021000
 8000a08:	50000400 	.word	0x50000400
 8000a0c:	10204000 	.word	0x10204000
 8000a10:	00001201 	.word	0x00001201
 8000a14:	00fffff0 	.word	0x00fffff0
 8000a18:	fffcffff 	.word	0xfffcffff
 8000a1c:	fffcf03f 	.word	0xfffcf03f
 8000a20:	40007000 	.word	0x40007000
 8000a24:	ffffe74f 	.word	0xffffe74f
 8000a28:	40022000 	.word	0x40022000
 8000a2c:	000186a0 	.word	0x000186a0
 8000a30:	20000084 	.word	0x20000084
 8000a34:	40010000 	.word	0x40010000
 8000a38:	40010400 	.word	0x40010400
 8000a3c:	ffff00ff 	.word	0xffff00ff
 8000a40:	e000e100 	.word	0xe000e100
 8000a44:	e000ed00 	.word	0xe000ed00
 8000a48:	ff00ffff 	.word	0xff00ffff
 8000a4c:	200000f4 	.word	0x200000f4
 8000a50:	e000e010 	.word	0xe000e010
 8000a54:	00000f9f 	.word	0x00000f9f
 8000a58:	200000af 	.word	0x200000af
 8000a5c:	20000904 	.word	0x20000904
 8000a60:	20000074 	.word	0x20000074
 8000a64:	08001e90 	.word	0x08001e90
 8000a68:	200000c8 	.word	0x200000c8
 8000a6c:	200000b8 	.word	0x200000b8
 8000a70:	20000038 	.word	0x20000038
 8000a74:	2000006d 	.word	0x2000006d
 8000a78:	2000003c 	.word	0x2000003c
 8000a7c:	200000b0 	.word	0x200000b0
 8000a80:	2808      	cmp	r0, #8
 8000a82:	d002      	beq.n	8000a8a <main+0x382>
 8000a84:	4bd1      	ldr	r3, [pc, #836]	@ (8000dcc <main+0x6c4>)
 8000a86:	1d6a      	adds	r2, r5, #5
 8000a88:	601a      	str	r2, [r3, #0]
 8000a8a:	2308      	movs	r3, #8
 8000a8c:	48d0      	ldr	r0, [pc, #832]	@ (8000dd0 <main+0x6c8>)
 8000a8e:	7033      	strb	r3, [r6, #0]
 8000a90:	f001 f8fe 	bl	8001c90 <rail_invalid>
 8000a94:	2205      	movs	r2, #5
 8000a96:	4bcf      	ldr	r3, [pc, #828]	@ (8000dd4 <main+0x6cc>)
 8000a98:	6899      	ldr	r1, [r3, #8]
 8000a9a:	4211      	tst	r1, r2
 8000a9c:	d00c      	beq.n	8000ab8 <main+0x3b0>
 8000a9e:	4acb      	ldr	r2, [pc, #812]	@ (8000dcc <main+0x6c4>)
 8000aa0:	6812      	ldr	r2, [r2, #0]
 8000aa2:	1aaa      	subs	r2, r5, r2
 8000aa4:	d408      	bmi.n	8000ab8 <main+0x3b0>
 8000aa6:	2280      	movs	r2, #128	@ 0x80
 8000aa8:	6a79      	ldr	r1, [r7, #36]	@ 0x24
 8000aaa:	0092      	lsls	r2, r2, #2
 8000aac:	430a      	orrs	r2, r1
 8000aae:	627a      	str	r2, [r7, #36]	@ 0x24
 8000ab0:	6a7a      	ldr	r2, [r7, #36]	@ 0x24
 8000ab2:	49c9      	ldr	r1, [pc, #804]	@ (8000dd8 <main+0x6d0>)
 8000ab4:	400a      	ands	r2, r1
 8000ab6:	627a      	str	r2, [r7, #36]	@ 0x24
 8000ab8:	689a      	ldr	r2, [r3, #8]
 8000aba:	0752      	lsls	r2, r2, #29
 8000abc:	d400      	bmi.n	8000ac0 <main+0x3b8>
 8000abe:	e088      	b.n	8000bd2 <main+0x4ca>
 8000ac0:	2210      	movs	r2, #16
 8000ac2:	6899      	ldr	r1, [r3, #8]
 8000ac4:	430a      	orrs	r2, r1
 8000ac6:	609a      	str	r2, [r3, #8]
 8000ac8:	4dc4      	ldr	r5, [pc, #784]	@ (8000ddc <main+0x6d4>)
 8000aca:	7a2b      	ldrb	r3, [r5, #8]
 8000acc:	2b00      	cmp	r3, #0
 8000ace:	d000      	beq.n	8000ad2 <main+0x3ca>
 8000ad0:	e119      	b.n	8000d06 <main+0x5fe>
 8000ad2:	2600      	movs	r6, #0
 8000ad4:	6a6b      	ldr	r3, [r5, #36]	@ 0x24
 8000ad6:	0028      	movs	r0, r5
 8000ad8:	9302      	str	r3, [sp, #8]
 8000ada:	f000 fc51 	bl	8001380 <app_fault>
 8000ade:	2201      	movs	r2, #1
 8000ae0:	4bbf      	ldr	r3, [pc, #764]	@ (8000de0 <main+0x6d8>)
 8000ae2:	4032      	ands	r2, r6
 8000ae4:	681b      	ldr	r3, [r3, #0]
 8000ae6:	4ebf      	ldr	r6, [pc, #764]	@ (8000de4 <main+0x6dc>)
 8000ae8:	9301      	str	r3, [sp, #4]
 8000aea:	9000      	str	r0, [sp, #0]
 8000aec:	9b02      	ldr	r3, [sp, #8]
 8000aee:	0030      	movs	r0, r6
 8000af0:	49bd      	ldr	r1, [pc, #756]	@ (8000de8 <main+0x6e0>)
 8000af2:	f000 ff41 	bl	8001978 <oled_service>
 8000af6:	2201      	movs	r2, #1
 8000af8:	7833      	ldrb	r3, [r6, #0]
 8000afa:	9203      	str	r2, [sp, #12]
 8000afc:	9a04      	ldr	r2, [sp, #16]
 8000afe:	4293      	cmp	r3, r2
 8000b00:	d11a      	bne.n	8000b38 <main+0x430>
 8000b02:	7f33      	ldrb	r3, [r6, #28]
 8000b04:	9a05      	ldr	r2, [sp, #20]
 8000b06:	4293      	cmp	r3, r2
 8000b08:	d116      	bne.n	8000b38 <main+0x430>
 8000b0a:	6bab      	ldr	r3, [r5, #56]	@ 0x38
 8000b0c:	9a06      	ldr	r2, [sp, #24]
 8000b0e:	4293      	cmp	r3, r2
 8000b10:	d112      	bne.n	8000b38 <main+0x430>
 8000b12:	002b      	movs	r3, r5
 8000b14:	3361      	adds	r3, #97	@ 0x61
 8000b16:	781b      	ldrb	r3, [r3, #0]
 8000b18:	9a07      	ldr	r2, [sp, #28]
 8000b1a:	4293      	cmp	r3, r2
 8000b1c:	d10c      	bne.n	8000b38 <main+0x430>
 8000b1e:	3560      	adds	r5, #96	@ 0x60
 8000b20:	782b      	ldrb	r3, [r5, #0]
 8000b22:	9a08      	ldr	r2, [sp, #32]
 8000b24:	4293      	cmp	r3, r2
 8000b26:	d107      	bne.n	8000b38 <main+0x430>
 8000b28:	4bb0      	ldr	r3, [pc, #704]	@ (8000dec <main+0x6e4>)
 8000b2a:	9a09      	ldr	r2, [sp, #36]	@ 0x24
 8000b2c:	781b      	ldrb	r3, [r3, #0]
 8000b2e:	1a9b      	subs	r3, r3, r2
 8000b30:	001a      	movs	r2, r3
 8000b32:	1e53      	subs	r3, r2, #1
 8000b34:	419a      	sbcs	r2, r3
 8000b36:	9203      	str	r2, [sp, #12]
 8000b38:	2100      	movs	r1, #0
 8000b3a:	4da8      	ldr	r5, [pc, #672]	@ (8000ddc <main+0x6d4>)
 8000b3c:	7b2a      	ldrb	r2, [r5, #12]
 8000b3e:	7b6b      	ldrb	r3, [r5, #13]
 8000b40:	9102      	str	r1, [sp, #8]
 8000b42:	429a      	cmp	r2, r3
 8000b44:	d105      	bne.n	8000b52 <main+0x44a>
 8000b46:	7d2b      	ldrb	r3, [r5, #20]
 8000b48:	7d6a      	ldrb	r2, [r5, #21]
 8000b4a:	1a9b      	subs	r3, r3, r2
 8000b4c:	425a      	negs	r2, r3
 8000b4e:	415a      	adcs	r2, r3
 8000b50:	9202      	str	r2, [sp, #8]
 8000b52:	7a2b      	ldrb	r3, [r5, #8]
 8000b54:	4aa6      	ldr	r2, [pc, #664]	@ (8000df0 <main+0x6e8>)
 8000b56:	9204      	str	r2, [sp, #16]
 8000b58:	2b00      	cmp	r3, #0
 8000b5a:	d000      	beq.n	8000b5e <main+0x456>
 8000b5c:	e0df      	b.n	8000d1e <main+0x616>
 8000b5e:	0028      	movs	r0, r5
 8000b60:	f000 fc31 	bl	80013c6 <app_can_idle>
 8000b64:	2800      	cmp	r0, #0
 8000b66:	d100      	bne.n	8000b6a <main+0x462>
 8000b68:	e0d9      	b.n	8000d1e <main+0x616>
 8000b6a:	9b02      	ldr	r3, [sp, #8]
 8000b6c:	2b00      	cmp	r3, #0
 8000b6e:	d100      	bne.n	8000b72 <main+0x46a>
 8000b70:	e0d5      	b.n	8000d1e <main+0x616>
 8000b72:	0030      	movs	r0, r6
 8000b74:	f000 fef7 	bl	8001966 <oled_is_off>
 8000b78:	2800      	cmp	r0, #0
 8000b7a:	d100      	bne.n	8000b7e <main+0x476>
 8000b7c:	e0cf      	b.n	8000d1e <main+0x616>
 8000b7e:	4b9b      	ldr	r3, [pc, #620]	@ (8000dec <main+0x6e4>)
 8000b80:	781b      	ldrb	r3, [r3, #0]
 8000b82:	2b00      	cmp	r3, #0
 8000b84:	d000      	beq.n	8000b88 <main+0x480>
 8000b86:	e0ca      	b.n	8000d1e <main+0x616>
 8000b88:	4b9a      	ldr	r3, [pc, #616]	@ (8000df4 <main+0x6ec>)
 8000b8a:	781a      	ldrb	r2, [r3, #0]
 8000b8c:	2a00      	cmp	r2, #0
 8000b8e:	d000      	beq.n	8000b92 <main+0x48a>
 8000b90:	e0c5      	b.n	8000d1e <main+0x616>
 8000b92:	3201      	adds	r2, #1
 8000b94:	9804      	ldr	r0, [sp, #16]
 8000b96:	701a      	strb	r2, [r3, #0]
 8000b98:	f000 fdef 	bl	800177a <fram_sleep>
 8000b9c:	1e06      	subs	r6, r0, #0
 8000b9e:	d000      	beq.n	8000ba2 <main+0x49a>
 8000ba0:	e6ba      	b.n	8000918 <main+0x210>
 8000ba2:	0028      	movs	r0, r5
 8000ba4:	f000 fc21 	bl	80013ea <app_storage_error>
 8000ba8:	2380      	movs	r3, #128	@ 0x80
 8000baa:	005b      	lsls	r3, r3, #1
 8000bac:	61a3      	str	r3, [r4, #24]
 8000bae:	4b92      	ldr	r3, [pc, #584]	@ (8000df8 <main+0x6f0>)
 8000bb0:	601e      	str	r6, [r3, #0]
 8000bb2:	605e      	str	r6, [r3, #4]
 8000bb4:	23c0      	movs	r3, #192	@ 0xc0
 8000bb6:	6822      	ldr	r2, [r4, #0]
 8000bb8:	4313      	orrs	r3, r2
 8000bba:	6023      	str	r3, [r4, #0]
 8000bbc:	23c0      	movs	r3, #192	@ 0xc0
 8000bbe:	6822      	ldr	r2, [r4, #0]
 8000bc0:	009b      	lsls	r3, r3, #2
 8000bc2:	4313      	orrs	r3, r2
 8000bc4:	6023      	str	r3, [r4, #0]
 8000bc6:	23c0      	movs	r3, #192	@ 0xc0
 8000bc8:	6822      	ldr	r2, [r4, #0]
 8000bca:	011b      	lsls	r3, r3, #4
 8000bcc:	4313      	orrs	r3, r2
 8000bce:	6023      	str	r3, [r4, #0]
 8000bd0:	e6a2      	b.n	8000918 <main+0x210>
 8000bd2:	2101      	movs	r1, #1
 8000bd4:	2001      	movs	r0, #1
 8000bd6:	689a      	ldr	r2, [r3, #8]
 8000bd8:	4011      	ands	r1, r2
 8000bda:	4202      	tst	r2, r0
 8000bdc:	d002      	beq.n	8000be4 <main+0x4dc>
 8000bde:	2202      	movs	r2, #2
 8000be0:	6899      	ldr	r1, [r3, #8]
 8000be2:	e76f      	b.n	8000ac4 <main+0x3bc>
 8000be4:	689a      	ldr	r2, [r3, #8]
 8000be6:	4885      	ldr	r0, [pc, #532]	@ (8000dfc <main+0x6f4>)
 8000be8:	4002      	ands	r2, r0
 8000bea:	609a      	str	r2, [r3, #8]
 8000bec:	4a84      	ldr	r2, [pc, #528]	@ (8000e00 <main+0x6f8>)
 8000bee:	4885      	ldr	r0, [pc, #532]	@ (8000e04 <main+0x6fc>)
 8000bf0:	6813      	ldr	r3, [r2, #0]
 8000bf2:	4003      	ands	r3, r0
 8000bf4:	6013      	str	r3, [r2, #0]
 8000bf6:	4b7d      	ldr	r3, [pc, #500]	@ (8000dec <main+0x6e4>)
 8000bf8:	7019      	strb	r1, [r3, #0]
 8000bfa:	e765      	b.n	8000ac8 <main+0x3c0>
 8000bfc:	4874      	ldr	r0, [pc, #464]	@ (8000dd0 <main+0x6c8>)
 8000bfe:	f001 f847 	bl	8001c90 <rail_invalid>
 8000c02:	2200      	movs	r2, #0
 8000c04:	4b73      	ldr	r3, [pc, #460]	@ (8000dd4 <main+0x6cc>)
 8000c06:	497e      	ldr	r1, [pc, #504]	@ (8000e00 <main+0x6f8>)
 8000c08:	60da      	str	r2, [r3, #12]
 8000c0a:	2280      	movs	r2, #128	@ 0x80
 8000c0c:	05d2      	lsls	r2, r2, #23
 8000c0e:	611a      	str	r2, [r3, #16]
 8000c10:	2207      	movs	r2, #7
 8000c12:	615a      	str	r2, [r3, #20]
 8000c14:	2280      	movs	r2, #128	@ 0x80
 8000c16:	0292      	lsls	r2, r2, #10
 8000c18:	629a      	str	r2, [r3, #40]	@ 0x28
 8000c1a:	2280      	movs	r2, #128	@ 0x80
 8000c1c:	6808      	ldr	r0, [r1, #0]
 8000c1e:	03d2      	lsls	r2, r2, #15
 8000c20:	4302      	orrs	r2, r0
 8000c22:	600a      	str	r2, [r1, #0]
 8000c24:	2280      	movs	r2, #128	@ 0x80
 8000c26:	6899      	ldr	r1, [r3, #8]
 8000c28:	0552      	lsls	r2, r2, #21
 8000c2a:	430a      	orrs	r2, r1
 8000c2c:	609a      	str	r2, [r3, #8]
 8000c2e:	2201      	movs	r2, #1
 8000c30:	4b66      	ldr	r3, [pc, #408]	@ (8000dcc <main+0x6c4>)
 8000c32:	3505      	adds	r5, #5
 8000c34:	601d      	str	r5, [r3, #0]
 8000c36:	4b6d      	ldr	r3, [pc, #436]	@ (8000dec <main+0x6e4>)
 8000c38:	701a      	strb	r2, [r3, #0]
 8000c3a:	e745      	b.n	8000ac8 <main+0x3c0>
 8000c3c:	4a63      	ldr	r2, [pc, #396]	@ (8000dcc <main+0x6c4>)
 8000c3e:	6813      	ldr	r3, [r2, #0]
 8000c40:	1aeb      	subs	r3, r5, r3
 8000c42:	d500      	bpl.n	8000c46 <main+0x53e>
 8000c44:	e740      	b.n	8000ac8 <main+0x3c0>
 8000c46:	2380      	movs	r3, #128	@ 0x80
 8000c48:	4962      	ldr	r1, [pc, #392]	@ (8000dd4 <main+0x6cc>)
 8000c4a:	061b      	lsls	r3, r3, #24
 8000c4c:	6888      	ldr	r0, [r1, #8]
 8000c4e:	3505      	adds	r5, #5
 8000c50:	4303      	orrs	r3, r0
 8000c52:	608b      	str	r3, [r1, #8]
 8000c54:	6015      	str	r5, [r2, #0]
 8000c56:	4b65      	ldr	r3, [pc, #404]	@ (8000dec <main+0x6e4>)
 8000c58:	2202      	movs	r2, #2
 8000c5a:	e7ed      	b.n	8000c38 <main+0x530>
 8000c5c:	4b5d      	ldr	r3, [pc, #372]	@ (8000dd4 <main+0x6cc>)
 8000c5e:	689b      	ldr	r3, [r3, #8]
 8000c60:	2b00      	cmp	r3, #0
 8000c62:	db4a      	blt.n	8000cfa <main+0x5f2>
 8000c64:	4b59      	ldr	r3, [pc, #356]	@ (8000dcc <main+0x6c4>)
 8000c66:	3501      	adds	r5, #1
 8000c68:	601d      	str	r5, [r3, #0]
 8000c6a:	2303      	movs	r3, #3
 8000c6c:	7033      	strb	r3, [r6, #0]
 8000c6e:	e72b      	b.n	8000ac8 <main+0x3c0>
 8000c70:	4956      	ldr	r1, [pc, #344]	@ (8000dcc <main+0x6c4>)
 8000c72:	680b      	ldr	r3, [r1, #0]
 8000c74:	1aeb      	subs	r3, r5, r3
 8000c76:	d500      	bpl.n	8000c7a <main+0x572>
 8000c78:	e726      	b.n	8000ac8 <main+0x3c0>
 8000c7a:	2001      	movs	r0, #1
 8000c7c:	4b55      	ldr	r3, [pc, #340]	@ (8000dd4 <main+0x6cc>)
 8000c7e:	3505      	adds	r5, #5
 8000c80:	6018      	str	r0, [r3, #0]
 8000c82:	689a      	ldr	r2, [r3, #8]
 8000c84:	4302      	orrs	r2, r0
 8000c86:	609a      	str	r2, [r3, #8]
 8000c88:	2204      	movs	r2, #4
 8000c8a:	4b58      	ldr	r3, [pc, #352]	@ (8000dec <main+0x6e4>)
 8000c8c:	600d      	str	r5, [r1, #0]
 8000c8e:	e7d3      	b.n	8000c38 <main+0x530>
 8000c90:	2201      	movs	r2, #1
 8000c92:	4b50      	ldr	r3, [pc, #320]	@ (8000dd4 <main+0x6cc>)
 8000c94:	681b      	ldr	r3, [r3, #0]
 8000c96:	4213      	tst	r3, r2
 8000c98:	d02f      	beq.n	8000cfa <main+0x5f2>
 8000c9a:	4b4c      	ldr	r3, [pc, #304]	@ (8000dcc <main+0x6c4>)
 8000c9c:	601d      	str	r5, [r3, #0]
 8000c9e:	2305      	movs	r3, #5
 8000ca0:	e7e4      	b.n	8000c6c <main+0x564>
 8000ca2:	494a      	ldr	r1, [pc, #296]	@ (8000dcc <main+0x6c4>)
 8000ca4:	680b      	ldr	r3, [r1, #0]
 8000ca6:	1aeb      	subs	r3, r5, r3
 8000ca8:	d500      	bpl.n	8000cac <main+0x5a4>
 8000caa:	e70d      	b.n	8000ac8 <main+0x3c0>
 8000cac:	2214      	movs	r2, #20
 8000cae:	4b49      	ldr	r3, [pc, #292]	@ (8000dd4 <main+0x6cc>)
 8000cb0:	3505      	adds	r5, #5
 8000cb2:	601a      	str	r2, [r3, #0]
 8000cb4:	6898      	ldr	r0, [r3, #8]
 8000cb6:	3a10      	subs	r2, #16
 8000cb8:	4302      	orrs	r2, r0
 8000cba:	609a      	str	r2, [r3, #8]
 8000cbc:	2206      	movs	r2, #6
 8000cbe:	4b4b      	ldr	r3, [pc, #300]	@ (8000dec <main+0x6e4>)
 8000cc0:	600d      	str	r5, [r1, #0]
 8000cc2:	e7b9      	b.n	8000c38 <main+0x530>
 8000cc4:	4b43      	ldr	r3, [pc, #268]	@ (8000dd4 <main+0x6cc>)
 8000cc6:	681a      	ldr	r2, [r3, #0]
 8000cc8:	06d2      	lsls	r2, r2, #27
 8000cca:	d504      	bpl.n	8000cd6 <main+0x5ce>
 8000ccc:	4840      	ldr	r0, [pc, #256]	@ (8000dd0 <main+0x6c8>)
 8000cce:	f000 ffdf 	bl	8001c90 <rail_invalid>
 8000cd2:	2307      	movs	r3, #7
 8000cd4:	e7ca      	b.n	8000c6c <main+0x564>
 8000cd6:	681a      	ldr	r2, [r3, #0]
 8000cd8:	0752      	lsls	r2, r2, #29
 8000cda:	d50e      	bpl.n	8000cfa <main+0x5f2>
 8000cdc:	6c1a      	ldr	r2, [r3, #64]	@ 0x40
 8000cde:	4b4a      	ldr	r3, [pc, #296]	@ (8000e08 <main+0x700>)
 8000ce0:	b292      	uxth	r2, r2
 8000ce2:	8819      	ldrh	r1, [r3, #0]
 8000ce4:	483a      	ldr	r0, [pc, #232]	@ (8000dd0 <main+0x6c8>)
 8000ce6:	002b      	movs	r3, r5
 8000ce8:	b289      	uxth	r1, r1
 8000cea:	f000 ffd5 	bl	8001c98 <rail_sample>
 8000cee:	4b37      	ldr	r3, [pc, #220]	@ (8000dcc <main+0x6c4>)
 8000cf0:	3508      	adds	r5, #8
 8000cf2:	601d      	str	r5, [r3, #0]
 8000cf4:	2205      	movs	r2, #5
 8000cf6:	4b3d      	ldr	r3, [pc, #244]	@ (8000dec <main+0x6e4>)
 8000cf8:	e79e      	b.n	8000c38 <main+0x530>
 8000cfa:	4b34      	ldr	r3, [pc, #208]	@ (8000dcc <main+0x6c4>)
 8000cfc:	681b      	ldr	r3, [r3, #0]
 8000cfe:	1aed      	subs	r5, r5, r3
 8000d00:	d500      	bpl.n	8000d04 <main+0x5fc>
 8000d02:	e6e1      	b.n	8000ac8 <main+0x3c0>
 8000d04:	e7e2      	b.n	8000ccc <main+0x5c4>
 8000d06:	f7ff fa43 	bl	8000190 <power_good>
 8000d0a:	2800      	cmp	r0, #0
 8000d0c:	d100      	bne.n	8000d10 <main+0x608>
 8000d0e:	e6e0      	b.n	8000ad2 <main+0x3ca>
 8000d10:	4b33      	ldr	r3, [pc, #204]	@ (8000de0 <main+0x6d8>)
 8000d12:	482f      	ldr	r0, [pc, #188]	@ (8000dd0 <main+0x6c8>)
 8000d14:	6819      	ldr	r1, [r3, #0]
 8000d16:	f001 f805 	bl	8001d24 <rail_display_allowed>
 8000d1a:	0006      	movs	r6, r0
 8000d1c:	e6da      	b.n	8000ad4 <main+0x3cc>
 8000d1e:	9b04      	ldr	r3, [sp, #16]
 8000d20:	3332      	adds	r3, #50	@ 0x32
 8000d22:	781b      	ldrb	r3, [r3, #0]
 8000d24:	9304      	str	r3, [sp, #16]
 8000d26:	b672      	cpsid	i
 8000d28:	4b38      	ldr	r3, [pc, #224]	@ (8000e0c <main+0x704>)
 8000d2a:	4a39      	ldr	r2, [pc, #228]	@ (8000e10 <main+0x708>)
 8000d2c:	5c9a      	ldrb	r2, [r3, r2]
 8000d2e:	2a00      	cmp	r2, #0
 8000d30:	d109      	bne.n	8000d46 <main+0x63e>
 8000d32:	4a38      	ldr	r2, [pc, #224]	@ (8000e14 <main+0x70c>)
 8000d34:	4938      	ldr	r1, [pc, #224]	@ (8000e18 <main+0x710>)
 8000d36:	5c9a      	ldrb	r2, [r3, r2]
 8000d38:	5c5b      	ldrb	r3, [r3, r1]
 8000d3a:	429a      	cmp	r2, r3
 8000d3c:	d103      	bne.n	8000d46 <main+0x63e>
 8000d3e:	4b37      	ldr	r3, [pc, #220]	@ (8000e1c <main+0x714>)
 8000d40:	695b      	ldr	r3, [r3, #20]
 8000d42:	079b      	lsls	r3, r3, #30
 8000d44:	d001      	beq.n	8000d4a <main+0x642>
 8000d46:	b662      	cpsie	i
 8000d48:	e5e6      	b.n	8000918 <main+0x210>
 8000d4a:	7a2b      	ldrb	r3, [r5, #8]
 8000d4c:	2b00      	cmp	r3, #0
 8000d4e:	d12f      	bne.n	8000db0 <main+0x6a8>
 8000d50:	0028      	movs	r0, r5
 8000d52:	f000 fb38 	bl	80013c6 <app_can_idle>
 8000d56:	2800      	cmp	r0, #0
 8000d58:	d02a      	beq.n	8000db0 <main+0x6a8>
 8000d5a:	9b04      	ldr	r3, [sp, #16]
 8000d5c:	2b00      	cmp	r3, #0
 8000d5e:	d127      	bne.n	8000db0 <main+0x6a8>
 8000d60:	9b02      	ldr	r3, [sp, #8]
 8000d62:	2b00      	cmp	r3, #0
 8000d64:	d024      	beq.n	8000db0 <main+0x6a8>
 8000d66:	0030      	movs	r0, r6
 8000d68:	f000 fdfd 	bl	8001966 <oled_is_off>
 8000d6c:	2800      	cmp	r0, #0
 8000d6e:	d01f      	beq.n	8000db0 <main+0x6a8>
 8000d70:	4b1e      	ldr	r3, [pc, #120]	@ (8000dec <main+0x6e4>)
 8000d72:	781b      	ldrb	r3, [r3, #0]
 8000d74:	2b00      	cmp	r3, #0
 8000d76:	d11b      	bne.n	8000db0 <main+0x6a8>
 8000d78:	4a29      	ldr	r2, [pc, #164]	@ (8000e20 <main+0x718>)
 8000d7a:	492a      	ldr	r1, [pc, #168]	@ (8000e24 <main+0x71c>)
 8000d7c:	6013      	str	r3, [r2, #0]
 8000d7e:	4a2a      	ldr	r2, [pc, #168]	@ (8000e28 <main+0x720>)
 8000d80:	482a      	ldr	r0, [pc, #168]	@ (8000e2c <main+0x724>)
 8000d82:	7013      	strb	r3, [r2, #0]
 8000d84:	2380      	movs	r3, #128	@ 0x80
 8000d86:	049b      	lsls	r3, r3, #18
 8000d88:	604b      	str	r3, [r1, #4]
 8000d8a:	6803      	ldr	r3, [r0, #0]
 8000d8c:	4a28      	ldr	r2, [pc, #160]	@ (8000e30 <main+0x728>)
 8000d8e:	2504      	movs	r5, #4
 8000d90:	4013      	ands	r3, r2
 8000d92:	6003      	str	r3, [r0, #0]
 8000d94:	2301      	movs	r3, #1
 8000d96:	000e      	movs	r6, r1
 8000d98:	6802      	ldr	r2, [r0, #0]
 8000d9a:	4313      	orrs	r3, r2
 8000d9c:	6003      	str	r3, [r0, #0]
 8000d9e:	690b      	ldr	r3, [r1, #16]
 8000da0:	432b      	orrs	r3, r5
 8000da2:	610b      	str	r3, [r1, #16]
 8000da4:	f001 f86c 	bl	8001e80 <__stop_from_ram_veneer>
 8000da8:	6933      	ldr	r3, [r6, #16]
 8000daa:	43ab      	bics	r3, r5
 8000dac:	6133      	str	r3, [r6, #16]
 8000dae:	e7ca      	b.n	8000d46 <main+0x63e>
 8000db0:	9b03      	ldr	r3, [sp, #12]
 8000db2:	2b00      	cmp	r3, #0
 8000db4:	d1c7      	bne.n	8000d46 <main+0x63e>
 8000db6:	f3bf 8f4f 	dsb	sy
 8000dba:	bf30      	wfi
 8000dbc:	e7c3      	b.n	8000d46 <main+0x63e>
 8000dbe:	4b08      	ldr	r3, [pc, #32]	@ (8000de0 <main+0x6d8>)
 8000dc0:	480b      	ldr	r0, [pc, #44]	@ (8000df0 <main+0x6e8>)
 8000dc2:	6819      	ldr	r1, [r3, #0]
 8000dc4:	f000 fd00 	bl	80017c8 <fram_wake>
 8000dc8:	e5f0      	b.n	80009ac <main+0x2a4>
 8000dca:	46c0      	nop			@ (mov r8, r8)
 8000dcc:	200000b4 	.word	0x200000b4
 8000dd0:	200000bc 	.word	0x200000bc
 8000dd4:	40012400 	.word	0x40012400
 8000dd8:	fffffdff 	.word	0xfffffdff
 8000ddc:	20000904 	.word	0x20000904
 8000de0:	200000b0 	.word	0x200000b0
 8000de4:	200000c8 	.word	0x200000c8
 8000de8:	08001e90 	.word	0x08001e90
 8000dec:	200000b8 	.word	0x200000b8
 8000df0:	2000003c 	.word	0x2000003c
 8000df4:	20000038 	.word	0x20000038
 8000df8:	40013000 	.word	0x40013000
 8000dfc:	efffffff 	.word	0xefffffff
 8000e00:	40012708 	.word	0x40012708
 8000e04:	ffbfffff 	.word	0xffbfffff
 8000e08:	1ff80078 	.word	0x1ff80078
 8000e0c:	200000f4 	.word	0x200000f4
 8000e10:	0000080a 	.word	0x0000080a
 8000e14:	00000808 	.word	0x00000808
 8000e18:	00000809 	.word	0x00000809
 8000e1c:	40010400 	.word	0x40010400
 8000e20:	e000e010 	.word	0xe000e010
 8000e24:	e000ed00 	.word	0xe000ed00
 8000e28:	200000af 	.word	0x200000af
 8000e2c:	40007000 	.word	0x40007000
 8000e30:	ffffdffd 	.word	0xffffdffd
 8000e34:	21f0      	movs	r1, #240	@ 0xf0
 8000e36:	69da      	ldr	r2, [r3, #28]
 8000e38:	0309      	lsls	r1, r1, #12
 8000e3a:	400a      	ands	r2, r1
 8000e3c:	21c0      	movs	r1, #192	@ 0xc0
 8000e3e:	0309      	lsls	r1, r1, #12
 8000e40:	428a      	cmp	r2, r1
 8000e42:	d100      	bne.n	8000e46 <main+0x73e>
 8000e44:	e4dc      	b.n	8000800 <main+0xf8>
 8000e46:	2200      	movs	r2, #0
 8000e48:	e4e7      	b.n	800081a <main+0x112>
 8000e4a:	200c      	movs	r0, #12
 8000e4c:	68f9      	ldr	r1, [r7, #12]
 8000e4e:	4a07      	ldr	r2, [pc, #28]	@ (8000e6c <main+0x764>)
 8000e50:	4011      	ands	r1, r2
 8000e52:	4a07      	ldr	r2, [pc, #28]	@ (8000e70 <main+0x768>)
 8000e54:	430a      	orrs	r2, r1
 8000e56:	60fa      	str	r2, [r7, #12]
 8000e58:	4a06      	ldr	r2, [pc, #24]	@ (8000e74 <main+0x76c>)
 8000e5a:	68f9      	ldr	r1, [r7, #12]
 8000e5c:	4001      	ands	r1, r0
 8000e5e:	2904      	cmp	r1, #4
 8000e60:	d0e8      	beq.n	8000e34 <main+0x72c>
 8000e62:	3a01      	subs	r2, #1
 8000e64:	2a00      	cmp	r2, #0
 8000e66:	d1f8      	bne.n	8000e5a <main+0x752>
 8000e68:	e4c8      	b.n	80007fc <main+0xf4>
 8000e6a:	46c0      	nop			@ (mov r8, r8)
 8000e6c:	ffff7f0c 	.word	0xffff7f0c
 8000e70:	00008091 	.word	0x00008091
 8000e74:	000186a0 	.word	0x000186a0

08000e78 <memset>:
 8000e78:	0003      	movs	r3, r0
 8000e7a:	1882      	adds	r2, r0, r2
 8000e7c:	4293      	cmp	r3, r2
 8000e7e:	d100      	bne.n	8000e82 <memset+0xa>
 8000e80:	4770      	bx	lr
 8000e82:	7019      	strb	r1, [r3, #0]
 8000e84:	3301      	adds	r3, #1
 8000e86:	e7f9      	b.n	8000e7c <memset+0x4>

08000e88 <counter_init>:
 8000e88:	b570      	push	{r4, r5, r6, lr}
 8000e8a:	000e      	movs	r6, r1
 8000e8c:	0015      	movs	r5, r2
 8000e8e:	2100      	movs	r1, #0
 8000e90:	221c      	movs	r2, #28
 8000e92:	0004      	movs	r4, r0
 8000e94:	f7ff fff0 	bl	8000e78 <memset>
 8000e98:	4b05      	ldr	r3, [pc, #20]	@ (8000eb0 <counter_init+0x28>)
 8000e9a:	429e      	cmp	r6, r3
 8000e9c:	d900      	bls.n	8000ea0 <counter_init+0x18>
 8000e9e:	2600      	movs	r6, #0
 8000ea0:	2301      	movs	r3, #1
 8000ea2:	6026      	str	r6, [r4, #0]
 8000ea4:	6065      	str	r5, [r4, #4]
 8000ea6:	61a5      	str	r5, [r4, #24]
 8000ea8:	6125      	str	r5, [r4, #16]
 8000eaa:	7223      	strb	r3, [r4, #8]
 8000eac:	bd70      	pop	{r4, r5, r6, pc}
 8000eae:	46c0      	nop			@ (mov r8, r8)
 8000eb0:	05f5e0ff 	.word	0x05f5e0ff

08000eb4 <counter_sample>:
 8000eb4:	b510      	push	{r4, lr}
 8000eb6:	7b44      	ldrb	r4, [r0, #13]
 8000eb8:	428c      	cmp	r4, r1
 8000eba:	d001      	beq.n	8000ec0 <counter_sample+0xc>
 8000ebc:	7341      	strb	r1, [r0, #13]
 8000ebe:	6103      	str	r3, [r0, #16]
 8000ec0:	7b04      	ldrb	r4, [r0, #12]
 8000ec2:	428c      	cmp	r4, r1
 8000ec4:	d01d      	beq.n	8000f02 <counter_sample+0x4e>
 8000ec6:	6904      	ldr	r4, [r0, #16]
 8000ec8:	1b1c      	subs	r4, r3, r4
 8000eca:	2c07      	cmp	r4, #7
 8000ecc:	d919      	bls.n	8000f02 <counter_sample+0x4e>
 8000ece:	7301      	strb	r1, [r0, #12]
 8000ed0:	7d44      	ldrb	r4, [r0, #21]
 8000ed2:	4294      	cmp	r4, r2
 8000ed4:	d001      	beq.n	8000eda <counter_sample+0x26>
 8000ed6:	7542      	strb	r2, [r0, #21]
 8000ed8:	6183      	str	r3, [r0, #24]
 8000eda:	7d04      	ldrb	r4, [r0, #20]
 8000edc:	4294      	cmp	r4, r2
 8000ede:	d012      	beq.n	8000f06 <counter_sample+0x52>
 8000ee0:	6984      	ldr	r4, [r0, #24]
 8000ee2:	1b1c      	subs	r4, r3, r4
 8000ee4:	2c07      	cmp	r4, #7
 8000ee6:	d90e      	bls.n	8000f06 <counter_sample+0x52>
 8000ee8:	7502      	strb	r2, [r0, #20]
 8000eea:	2a00      	cmp	r2, #0
 8000eec:	d00c      	beq.n	8000f08 <counter_sample+0x54>
 8000eee:	2101      	movs	r1, #1
 8000ef0:	6043      	str	r3, [r0, #4]
 8000ef2:	7201      	strb	r1, [r0, #8]
 8000ef4:	2a00      	cmp	r2, #0
 8000ef6:	d010      	beq.n	8000f1a <counter_sample+0x66>
 8000ef8:	2300      	movs	r3, #0
 8000efa:	6003      	str	r3, [r0, #0]
 8000efc:	7243      	strb	r3, [r0, #9]
 8000efe:	7281      	strb	r1, [r0, #10]
 8000f00:	bd10      	pop	{r4, pc}
 8000f02:	2100      	movs	r1, #0
 8000f04:	e7e4      	b.n	8000ed0 <counter_sample+0x1c>
 8000f06:	2200      	movs	r2, #0
 8000f08:	2900      	cmp	r1, #0
 8000f0a:	d1f0      	bne.n	8000eee <counter_sample+0x3a>
 8000f0c:	6842      	ldr	r2, [r0, #4]
 8000f0e:	1a9b      	subs	r3, r3, r2
 8000f10:	4a08      	ldr	r2, [pc, #32]	@ (8000f34 <counter_sample+0x80>)
 8000f12:	4293      	cmp	r3, r2
 8000f14:	d9f4      	bls.n	8000f00 <counter_sample+0x4c>
 8000f16:	7201      	strb	r1, [r0, #8]
 8000f18:	e7f2      	b.n	8000f00 <counter_sample+0x4c>
 8000f1a:	7d03      	ldrb	r3, [r0, #20]
 8000f1c:	2b00      	cmp	r3, #0
 8000f1e:	d1ef      	bne.n	8000f00 <counter_sample+0x4c>
 8000f20:	6803      	ldr	r3, [r0, #0]
 8000f22:	4a05      	ldr	r2, [pc, #20]	@ (8000f38 <counter_sample+0x84>)
 8000f24:	4293      	cmp	r3, r2
 8000f26:	d802      	bhi.n	8000f2e <counter_sample+0x7a>
 8000f28:	3301      	adds	r3, #1
 8000f2a:	6003      	str	r3, [r0, #0]
 8000f2c:	e7e7      	b.n	8000efe <counter_sample+0x4a>
 8000f2e:	7241      	strb	r1, [r0, #9]
 8000f30:	e7e6      	b.n	8000f00 <counter_sample+0x4c>
 8000f32:	46c0      	nop			@ (mov r8, r8)
 8000f34:	0000752f 	.word	0x0000752f
 8000f38:	05f5e0fe 	.word	0x05f5e0fe

08000f3c <input_push>:
 8000f3c:	b570      	push	{r4, r5, r6, lr}
 8000f3e:	4c13      	ldr	r4, [pc, #76]	@ (8000f8c <input_push+0x50>)
 8000f40:	4d13      	ldr	r5, [pc, #76]	@ (8000f90 <input_push+0x54>)
 8000f42:	5d43      	ldrb	r3, [r0, r5]
 8000f44:	5501      	strb	r1, [r0, r4]
 8000f46:	3c04      	subs	r4, #4
 8000f48:	5102      	str	r2, [r0, r4]
 8000f4a:	4c12      	ldr	r4, [pc, #72]	@ (8000f94 <input_push+0x58>)
 8000f4c:	b2db      	uxtb	r3, r3
 8000f4e:	5d06      	ldrb	r6, [r0, r4]
 8000f50:	2e00      	cmp	r6, #0
 8000f52:	d105      	bne.n	8000f60 <input_push+0x24>
 8000f54:	4e10      	ldr	r6, [pc, #64]	@ (8000f98 <input_push+0x5c>)
 8000f56:	3301      	adds	r3, #1
 8000f58:	5d86      	ldrb	r6, [r0, r6]
 8000f5a:	b2db      	uxtb	r3, r3
 8000f5c:	429e      	cmp	r6, r3
 8000f5e:	d10b      	bne.n	8000f78 <input_push+0x3c>
 8000f60:	2301      	movs	r3, #1
 8000f62:	4a0e      	ldr	r2, [pc, #56]	@ (8000f9c <input_push+0x60>)
 8000f64:	5503      	strb	r3, [r0, r4]
 8000f66:	5a81      	ldrh	r1, [r0, r2]
 8000f68:	4b0d      	ldr	r3, [pc, #52]	@ (8000fa0 <input_push+0x64>)
 8000f6a:	4299      	cmp	r1, r3
 8000f6c:	d003      	beq.n	8000f76 <input_push+0x3a>
 8000f6e:	5a83      	ldrh	r3, [r0, r2]
 8000f70:	3301      	adds	r3, #1
 8000f72:	b29b      	uxth	r3, r3
 8000f74:	5283      	strh	r3, [r0, r2]
 8000f76:	bd70      	pop	{r4, r5, r6, pc}
 8000f78:	5d44      	ldrb	r4, [r0, r5]
 8000f7a:	00e4      	lsls	r4, r4, #3
 8000f7c:	1904      	adds	r4, r0, r4
 8000f7e:	7121      	strb	r1, [r4, #4]
 8000f80:	5d41      	ldrb	r1, [r0, r5]
 8000f82:	00c9      	lsls	r1, r1, #3
 8000f84:	500a      	str	r2, [r1, r0]
 8000f86:	5543      	strb	r3, [r0, r5]
 8000f88:	e7f5      	b.n	8000f76 <input_push+0x3a>
 8000f8a:	46c0      	nop			@ (mov r8, r8)
 8000f8c:	00000804 	.word	0x00000804
 8000f90:	00000808 	.word	0x00000808
 8000f94:	0000080a 	.word	0x0000080a
 8000f98:	00000809 	.word	0x00000809
 8000f9c:	0000080c 	.word	0x0000080c
 8000fa0:	0000ffff 	.word	0x0000ffff

08000fa4 <input_take>:
 8000fa4:	b570      	push	{r4, r5, r6, lr}
 8000fa6:	4d14      	ldr	r5, [pc, #80]	@ (8000ff8 <input_take+0x54>)
 8000fa8:	0003      	movs	r3, r0
 8000faa:	5d46      	ldrb	r6, [r0, r5]
 8000fac:	4c13      	ldr	r4, [pc, #76]	@ (8000ffc <input_take+0x58>)
 8000fae:	4a14      	ldr	r2, [pc, #80]	@ (8001000 <input_take+0x5c>)
 8000fb0:	b2f0      	uxtb	r0, r6
 8000fb2:	2e00      	cmp	r6, #0
 8000fb4:	d00d      	beq.n	8000fd2 <input_take+0x2e>
 8000fb6:	4813      	ldr	r0, [pc, #76]	@ (8001004 <input_take+0x60>)
 8000fb8:	5c18      	ldrb	r0, [r3, r0]
 8000fba:	7108      	strb	r0, [r1, #4]
 8000fbc:	2080      	movs	r0, #128	@ 0x80
 8000fbe:	0100      	lsls	r0, r0, #4
 8000fc0:	5818      	ldr	r0, [r3, r0]
 8000fc2:	6008      	str	r0, [r1, #0]
 8000fc4:	5d19      	ldrb	r1, [r3, r4]
 8000fc6:	2002      	movs	r0, #2
 8000fc8:	b2c9      	uxtb	r1, r1
 8000fca:	5499      	strb	r1, [r3, r2]
 8000fcc:	2200      	movs	r2, #0
 8000fce:	555a      	strb	r2, [r3, r5]
 8000fd0:	bd70      	pop	{r4, r5, r6, pc}
 8000fd2:	5c9d      	ldrb	r5, [r3, r2]
 8000fd4:	5d1c      	ldrb	r4, [r3, r4]
 8000fd6:	42a5      	cmp	r5, r4
 8000fd8:	d0fa      	beq.n	8000fd0 <input_take+0x2c>
 8000fda:	5c98      	ldrb	r0, [r3, r2]
 8000fdc:	00c0      	lsls	r0, r0, #3
 8000fde:	1818      	adds	r0, r3, r0
 8000fe0:	7900      	ldrb	r0, [r0, #4]
 8000fe2:	7108      	strb	r0, [r1, #4]
 8000fe4:	5c98      	ldrb	r0, [r3, r2]
 8000fe6:	00c0      	lsls	r0, r0, #3
 8000fe8:	58c0      	ldr	r0, [r0, r3]
 8000fea:	6008      	str	r0, [r1, #0]
 8000fec:	5c99      	ldrb	r1, [r3, r2]
 8000fee:	2001      	movs	r0, #1
 8000ff0:	3101      	adds	r1, #1
 8000ff2:	b2c9      	uxtb	r1, r1
 8000ff4:	5499      	strb	r1, [r3, r2]
 8000ff6:	e7eb      	b.n	8000fd0 <input_take+0x2c>
 8000ff8:	0000080a 	.word	0x0000080a
 8000ffc:	00000808 	.word	0x00000808
 8001000:	00000809 	.word	0x00000809
 8001004:	00000804 	.word	0x00000804

08001008 <input_apply>:
 8001008:	b5f0      	push	{r4, r5, r6, r7, lr}
 800100a:	0005      	movs	r5, r0
 800100c:	000c      	movs	r4, r1
 800100e:	0016      	movs	r6, r2
 8001010:	b085      	sub	sp, #20
 8001012:	2a02      	cmp	r2, #2
 8001014:	d112      	bne.n	800103c <input_apply+0x34>
 8001016:	2101      	movs	r1, #1
 8001018:	6842      	ldr	r2, [r0, #4]
 800101a:	8001      	strh	r1, [r0, #0]
 800101c:	1852      	adds	r2, r2, r1
 800101e:	6042      	str	r2, [r0, #4]
 8001020:	2000      	movs	r0, #0
 8001022:	681a      	ldr	r2, [r3, #0]
 8001024:	81a0      	strh	r0, [r4, #12]
 8001026:	6122      	str	r2, [r4, #16]
 8001028:	7520      	strb	r0, [r4, #20]
 800102a:	791b      	ldrb	r3, [r3, #4]
 800102c:	61a2      	str	r2, [r4, #24]
 800102e:	079b      	lsls	r3, r3, #30
 8001030:	0fdb      	lsrs	r3, r3, #31
 8001032:	7563      	strb	r3, [r4, #21]
 8001034:	7221      	strb	r1, [r4, #8]
 8001036:	6062      	str	r2, [r4, #4]
 8001038:	b005      	add	sp, #20
 800103a:	bdf0      	pop	{r4, r5, r6, r7, pc}
 800103c:	2a01      	cmp	r2, #1
 800103e:	d1fb      	bne.n	8001038 <input_apply+0x30>
 8001040:	7a8a      	ldrb	r2, [r1, #10]
 8001042:	7d0f      	ldrb	r7, [r1, #20]
 8001044:	9201      	str	r2, [sp, #4]
 8001046:	7a4a      	ldrb	r2, [r1, #9]
 8001048:	0020      	movs	r0, r4
 800104a:	9202      	str	r2, [sp, #8]
 800104c:	680a      	ldr	r2, [r1, #0]
 800104e:	9203      	str	r2, [sp, #12]
 8001050:	7919      	ldrb	r1, [r3, #4]
 8001052:	681b      	ldr	r3, [r3, #0]
 8001054:	078a      	lsls	r2, r1, #30
 8001056:	0fd2      	lsrs	r2, r2, #31
 8001058:	4031      	ands	r1, r6
 800105a:	f7ff ff2b 	bl	8000eb4 <counter_sample>
 800105e:	782b      	ldrb	r3, [r5, #0]
 8001060:	2b00      	cmp	r3, #0
 8001062:	d0e9      	beq.n	8001038 <input_apply+0x30>
 8001064:	2f00      	cmp	r7, #0
 8001066:	d107      	bne.n	8001078 <input_apply+0x70>
 8001068:	7d23      	ldrb	r3, [r4, #20]
 800106a:	2b00      	cmp	r3, #0
 800106c:	d004      	beq.n	8001078 <input_apply+0x70>
 800106e:	686b      	ldr	r3, [r5, #4]
 8001070:	706e      	strb	r6, [r5, #1]
 8001072:	3301      	adds	r3, #1
 8001074:	606b      	str	r3, [r5, #4]
 8001076:	e7df      	b.n	8001038 <input_apply+0x30>
 8001078:	9b03      	ldr	r3, [sp, #12]
 800107a:	6023      	str	r3, [r4, #0]
 800107c:	9b01      	ldr	r3, [sp, #4]
 800107e:	72a3      	strb	r3, [r4, #10]
 8001080:	9b02      	ldr	r3, [sp, #8]
 8001082:	7263      	strb	r3, [r4, #9]
 8001084:	e7d8      	b.n	8001038 <input_apply+0x30>
	...

08001088 <journal_crc>:
 8001088:	b5f7      	push	{r0, r1, r2, r4, r5, r6, r7, lr}
 800108a:	0089      	lsls	r1, r1, #2
 800108c:	1843      	adds	r3, r0, r1
 800108e:	9301      	str	r3, [sp, #4]
 8001090:	2301      	movs	r3, #1
 8001092:	26ff      	movs	r6, #255	@ 0xff
 8001094:	425b      	negs	r3, r3
 8001096:	9a01      	ldr	r2, [sp, #4]
 8001098:	4290      	cmp	r0, r2
 800109a:	d101      	bne.n	80010a0 <journal_crc+0x18>
 800109c:	43d8      	mvns	r0, r3
 800109e:	bdfe      	pop	{r1, r2, r3, r4, r5, r6, r7, pc}
 80010a0:	2200      	movs	r2, #0
 80010a2:	2401      	movs	r4, #1
 80010a4:	6807      	ldr	r7, [r0, #0]
 80010a6:	0039      	movs	r1, r7
 80010a8:	40d1      	lsrs	r1, r2
 80010aa:	4031      	ands	r1, r6
 80010ac:	404b      	eors	r3, r1
 80010ae:	2108      	movs	r1, #8
 80010b0:	085d      	lsrs	r5, r3, #1
 80010b2:	46ac      	mov	ip, r5
 80010b4:	001d      	movs	r5, r3
 80010b6:	4025      	ands	r5, r4
 80010b8:	4223      	tst	r3, r4
 80010ba:	d000      	beq.n	80010be <journal_crc+0x36>
 80010bc:	4d05      	ldr	r5, [pc, #20]	@ (80010d4 <journal_crc+0x4c>)
 80010be:	4663      	mov	r3, ip
 80010c0:	3901      	subs	r1, #1
 80010c2:	406b      	eors	r3, r5
 80010c4:	2900      	cmp	r1, #0
 80010c6:	d1f3      	bne.n	80010b0 <journal_crc+0x28>
 80010c8:	3208      	adds	r2, #8
 80010ca:	2a20      	cmp	r2, #32
 80010cc:	d1eb      	bne.n	80010a6 <journal_crc+0x1e>
 80010ce:	3004      	adds	r0, #4
 80010d0:	e7e1      	b.n	8001096 <journal_crc+0xe>
 80010d2:	46c0      	nop			@ (mov r8, r8)
 80010d4:	edb88320 	.word	0xedb88320

080010d8 <journal_record_valid>:
 80010d8:	4b11      	ldr	r3, [pc, #68]	@ (8001120 <journal_record_valid+0x48>)
 80010da:	6802      	ldr	r2, [r0, #0]
 80010dc:	b570      	push	{r4, r5, r6, lr}
 80010de:	0004      	movs	r4, r0
 80010e0:	2500      	movs	r5, #0
 80010e2:	429a      	cmp	r2, r3
 80010e4:	d11a      	bne.n	800111c <journal_record_valid+0x44>
 80010e6:	6883      	ldr	r3, [r0, #8]
 80010e8:	4a0e      	ldr	r2, [pc, #56]	@ (8001124 <journal_record_valid+0x4c>)
 80010ea:	4293      	cmp	r3, r2
 80010ec:	d816      	bhi.n	800111c <journal_record_valid+0x44>
 80010ee:	68c2      	ldr	r2, [r0, #12]
 80010f0:	2a01      	cmp	r2, #1
 80010f2:	d813      	bhi.n	800111c <journal_record_valid+0x44>
 80010f4:	6842      	ldr	r2, [r0, #4]
 80010f6:	6901      	ldr	r1, [r0, #16]
 80010f8:	43d2      	mvns	r2, r2
 80010fa:	4291      	cmp	r1, r2
 80010fc:	d10e      	bne.n	800111c <journal_record_valid+0x44>
 80010fe:	43db      	mvns	r3, r3
 8001100:	6942      	ldr	r2, [r0, #20]
 8001102:	429a      	cmp	r2, r3
 8001104:	d10a      	bne.n	800111c <journal_record_valid+0x44>
 8001106:	2106      	movs	r1, #6
 8001108:	6986      	ldr	r6, [r0, #24]
 800110a:	f7ff ffbd 	bl	8001088 <journal_crc>
 800110e:	4286      	cmp	r6, r0
 8001110:	d104      	bne.n	800111c <journal_record_valid+0x44>
 8001112:	4b05      	ldr	r3, [pc, #20]	@ (8001128 <journal_record_valid+0x50>)
 8001114:	69e5      	ldr	r5, [r4, #28]
 8001116:	18ed      	adds	r5, r5, r3
 8001118:	426b      	negs	r3, r5
 800111a:	415d      	adcs	r5, r3
 800111c:	0028      	movs	r0, r5
 800111e:	bd70      	pop	{r4, r5, r6, pc}
 8001120:	51443401 	.word	0x51443401
 8001124:	05f5e0ff 	.word	0x05f5e0ff
 8001128:	bcb2abcc 	.word	0xbcb2abcc

0800112c <journal_load>:
 800112c:	b5f0      	push	{r4, r5, r6, r7, lr}
 800112e:	b08f      	sub	sp, #60	@ 0x3c
 8001130:	9103      	str	r1, [sp, #12]
 8001132:	2240      	movs	r2, #64	@ 0x40
 8001134:	2100      	movs	r1, #0
 8001136:	0004      	movs	r4, r0
 8001138:	2601      	movs	r6, #1
 800113a:	f7ff fe9d 	bl	8000e78 <memset>
 800113e:	235f      	movs	r3, #95	@ 0x5f
 8001140:	2700      	movs	r7, #0
 8001142:	60e3      	str	r3, [r4, #12]
 8001144:	72a6      	strb	r6, [r4, #10]
 8001146:	00fb      	lsls	r3, r7, #3
 8001148:	9301      	str	r3, [sp, #4]
 800114a:	3308      	adds	r3, #8
 800114c:	9704      	str	r7, [sp, #16]
 800114e:	ad06      	add	r5, sp, #24
 8001150:	3701      	adds	r7, #1
 8001152:	9305      	str	r3, [sp, #20]
 8001154:	9602      	str	r6, [sp, #8]
 8001156:	9b03      	ldr	r3, [sp, #12]
 8001158:	9803      	ldr	r0, [sp, #12]
 800115a:	002a      	movs	r2, r5
 800115c:	681b      	ldr	r3, [r3, #0]
 800115e:	9901      	ldr	r1, [sp, #4]
 8001160:	68c0      	ldr	r0, [r0, #12]
 8001162:	4798      	blx	r3
 8001164:	2800      	cmp	r0, #0
 8001166:	d11e      	bne.n	80011a6 <journal_load+0x7a>
 8001168:	72e6      	strb	r6, [r4, #11]
 800116a:	6028      	str	r0, [r5, #0]
 800116c:	9002      	str	r0, [sp, #8]
 800116e:	9b01      	ldr	r3, [sp, #4]
 8001170:	9a05      	ldr	r2, [sp, #20]
 8001172:	3301      	adds	r3, #1
 8001174:	9301      	str	r3, [sp, #4]
 8001176:	3504      	adds	r5, #4
 8001178:	4293      	cmp	r3, r2
 800117a:	d1ec      	bne.n	8001156 <journal_load+0x2a>
 800117c:	9b02      	ldr	r3, [sp, #8]
 800117e:	2b00      	cmp	r3, #0
 8001180:	d005      	beq.n	800118e <journal_load+0x62>
 8001182:	ad06      	add	r5, sp, #24
 8001184:	0028      	movs	r0, r5
 8001186:	f7ff ffa7 	bl	80010d8 <journal_record_valid>
 800118a:	2800      	cmp	r0, #0
 800118c:	d111      	bne.n	80011b2 <journal_load+0x86>
 800118e:	2f60      	cmp	r7, #96	@ 0x60
 8001190:	d1d9      	bne.n	8001146 <journal_load+0x1a>
 8001192:	7ae3      	ldrb	r3, [r4, #11]
 8001194:	2b00      	cmp	r3, #0
 8001196:	d102      	bne.n	800119e <journal_load+0x72>
 8001198:	7a63      	ldrb	r3, [r4, #9]
 800119a:	2b00      	cmp	r3, #0
 800119c:	d101      	bne.n	80011a2 <journal_load+0x76>
 800119e:	2301      	movs	r3, #1
 80011a0:	7223      	strb	r3, [r4, #8]
 80011a2:	b00f      	add	sp, #60	@ 0x3c
 80011a4:	bdf0      	pop	{r4, r5, r6, r7, pc}
 80011a6:	682b      	ldr	r3, [r5, #0]
 80011a8:	2b00      	cmp	r3, #0
 80011aa:	d0e0      	beq.n	800116e <journal_load+0x42>
 80011ac:	2300      	movs	r3, #0
 80011ae:	72a3      	strb	r3, [r4, #10]
 80011b0:	e7dd      	b.n	800116e <journal_load+0x42>
 80011b2:	7a62      	ldrb	r2, [r4, #9]
 80011b4:	686b      	ldr	r3, [r5, #4]
 80011b6:	2a00      	cmp	r2, #0
 80011b8:	d015      	beq.n	80011e6 <journal_load+0xba>
 80011ba:	6861      	ldr	r1, [r4, #4]
 80011bc:	1a5a      	subs	r2, r3, r1
 80011be:	428b      	cmp	r3, r1
 80011c0:	d10b      	bne.n	80011da <journal_load+0xae>
 80011c2:	68aa      	ldr	r2, [r5, #8]
 80011c4:	6823      	ldr	r3, [r4, #0]
 80011c6:	429a      	cmp	r2, r3
 80011c8:	d105      	bne.n	80011d6 <journal_load+0xaa>
 80011ca:	68eb      	ldr	r3, [r5, #12]
 80011cc:	1e5a      	subs	r2, r3, #1
 80011ce:	4193      	sbcs	r3, r2
 80011d0:	7a22      	ldrb	r2, [r4, #8]
 80011d2:	4293      	cmp	r3, r2
 80011d4:	d0db      	beq.n	800118e <journal_load+0x62>
 80011d6:	72e6      	strb	r6, [r4, #11]
 80011d8:	e7d9      	b.n	800118e <journal_load+0x62>
 80011da:	2180      	movs	r1, #128	@ 0x80
 80011dc:	0609      	lsls	r1, r1, #24
 80011de:	428a      	cmp	r2, r1
 80011e0:	d0f9      	beq.n	80011d6 <journal_load+0xaa>
 80011e2:	2a00      	cmp	r2, #0
 80011e4:	ddd3      	ble.n	800118e <journal_load+0x62>
 80011e6:	6063      	str	r3, [r4, #4]
 80011e8:	9b08      	ldr	r3, [sp, #32]
 80011ea:	9a04      	ldr	r2, [sp, #16]
 80011ec:	6023      	str	r3, [r4, #0]
 80011ee:	9b09      	ldr	r3, [sp, #36]	@ 0x24
 80011f0:	60e2      	str	r2, [r4, #12]
 80011f2:	1e5a      	subs	r2, r3, #1
 80011f4:	4193      	sbcs	r3, r2
 80011f6:	7266      	strb	r6, [r4, #9]
 80011f8:	7223      	strb	r3, [r4, #8]
 80011fa:	e7c8      	b.n	800118e <journal_load+0x62>

080011fc <journal_begin>:
 80011fc:	b570      	push	{r4, r5, r6, lr}
 80011fe:	001e      	movs	r6, r3
 8001200:	0003      	movs	r3, r0
 8001202:	333c      	adds	r3, #60	@ 0x3c
 8001204:	781d      	ldrb	r5, [r3, #0]
 8001206:	0004      	movs	r4, r0
 8001208:	2d00      	cmp	r5, #0
 800120a:	d120      	bne.n	800124e <journal_begin+0x52>
 800120c:	4b11      	ldr	r3, [pc, #68]	@ (8001254 <journal_begin+0x58>)
 800120e:	4299      	cmp	r1, r3
 8001210:	d81b      	bhi.n	800124a <journal_begin+0x4e>
 8001212:	4b11      	ldr	r3, [pc, #68]	@ (8001258 <journal_begin+0x5c>)
 8001214:	6201      	str	r1, [r0, #32]
 8001216:	6183      	str	r3, [r0, #24]
 8001218:	6843      	ldr	r3, [r0, #4]
 800121a:	43c9      	mvns	r1, r1
 800121c:	3301      	adds	r3, #1
 800121e:	61c3      	str	r3, [r0, #28]
 8001220:	43db      	mvns	r3, r3
 8001222:	6242      	str	r2, [r0, #36]	@ 0x24
 8001224:	6283      	str	r3, [r0, #40]	@ 0x28
 8001226:	62c1      	str	r1, [r0, #44]	@ 0x2c
 8001228:	2106      	movs	r1, #6
 800122a:	3018      	adds	r0, #24
 800122c:	f7ff ff2c 	bl	8001088 <journal_crc>
 8001230:	4b0a      	ldr	r3, [pc, #40]	@ (800125c <journal_begin+0x60>)
 8001232:	6320      	str	r0, [r4, #48]	@ 0x30
 8001234:	68e0      	ldr	r0, [r4, #12]
 8001236:	2160      	movs	r1, #96	@ 0x60
 8001238:	6363      	str	r3, [r4, #52]	@ 0x34
 800123a:	3001      	adds	r0, #1
 800123c:	f000 fe1a 	bl	8001e74 <__aeabi_uidivmod>
 8001240:	6165      	str	r5, [r4, #20]
 8001242:	3501      	adds	r5, #1
 8001244:	6121      	str	r1, [r4, #16]
 8001246:	63a6      	str	r6, [r4, #56]	@ 0x38
 8001248:	63e5      	str	r5, [r4, #60]	@ 0x3c
 800124a:	0028      	movs	r0, r5
 800124c:	bd70      	pop	{r4, r5, r6, pc}
 800124e:	2500      	movs	r5, #0
 8001250:	e7fb      	b.n	800124a <journal_begin+0x4e>
 8001252:	46c0      	nop			@ (mov r8, r8)
 8001254:	05f5e0ff 	.word	0x05f5e0ff
 8001258:	51443401 	.word	0x51443401
 800125c:	434d5434 	.word	0x434d5434

08001260 <journal_service>:
 8001260:	0013      	movs	r3, r2
 8001262:	0002      	movs	r2, r0
 8001264:	b5f0      	push	{r4, r5, r6, r7, lr}
 8001266:	323c      	adds	r2, #60	@ 0x3c
 8001268:	b085      	sub	sp, #20
 800126a:	9201      	str	r2, [sp, #4]
 800126c:	7812      	ldrb	r2, [r2, #0]
 800126e:	0004      	movs	r4, r0
 8001270:	000d      	movs	r5, r1
 8001272:	2a00      	cmp	r2, #0
 8001274:	d011      	beq.n	800129a <journal_service+0x3a>
 8001276:	0027      	movs	r7, r4
 8001278:	373d      	adds	r7, #61	@ 0x3d
 800127a:	783a      	ldrb	r2, [r7, #0]
 800127c:	68c8      	ldr	r0, [r1, #12]
 800127e:	2a00      	cmp	r2, #0
 8001280:	d050      	beq.n	8001324 <journal_service+0xc4>
 8001282:	688a      	ldr	r2, [r1, #8]
 8001284:	0019      	movs	r1, r3
 8001286:	4790      	blx	r2
 8001288:	2800      	cmp	r0, #0
 800128a:	d006      	beq.n	800129a <journal_service+0x3a>
 800128c:	2801      	cmp	r0, #1
 800128e:	d006      	beq.n	800129e <journal_service+0x3e>
 8001290:	2300      	movs	r3, #0
 8001292:	87a3      	strh	r3, [r4, #60]	@ 0x3c
 8001294:	343f      	adds	r4, #63	@ 0x3f
 8001296:	3301      	adds	r3, #1
 8001298:	7023      	strb	r3, [r4, #0]
 800129a:	b005      	add	sp, #20
 800129c:	bdf0      	pop	{r4, r5, r6, r7, pc}
 800129e:	6963      	ldr	r3, [r4, #20]
 80012a0:	2607      	movs	r6, #7
 80012a2:	2b00      	cmp	r3, #0
 80012a4:	d000      	beq.n	80012a8 <journal_service+0x48>
 80012a6:	1e5e      	subs	r6, r3, #1
 80012a8:	6921      	ldr	r1, [r4, #16]
 80012aa:	682b      	ldr	r3, [r5, #0]
 80012ac:	00c9      	lsls	r1, r1, #3
 80012ae:	68e8      	ldr	r0, [r5, #12]
 80012b0:	1989      	adds	r1, r1, r6
 80012b2:	aa03      	add	r2, sp, #12
 80012b4:	4798      	blx	r3
 80012b6:	2800      	cmp	r0, #0
 80012b8:	d0ea      	beq.n	8001290 <journal_service+0x30>
 80012ba:	2200      	movs	r2, #0
 80012bc:	6963      	ldr	r3, [r4, #20]
 80012be:	4293      	cmp	r3, r2
 80012c0:	d002      	beq.n	80012c8 <journal_service+0x68>
 80012c2:	3606      	adds	r6, #6
 80012c4:	00b6      	lsls	r6, r6, #2
 80012c6:	5932      	ldr	r2, [r6, r4]
 80012c8:	9903      	ldr	r1, [sp, #12]
 80012ca:	4291      	cmp	r1, r2
 80012cc:	d1e0      	bne.n	8001290 <journal_service+0x30>
 80012ce:	2600      	movs	r6, #0
 80012d0:	3301      	adds	r3, #1
 80012d2:	703e      	strb	r6, [r7, #0]
 80012d4:	6163      	str	r3, [r4, #20]
 80012d6:	2b09      	cmp	r3, #9
 80012d8:	d1df      	bne.n	800129a <journal_service+0x3a>
 80012da:	6921      	ldr	r1, [r4, #16]
 80012dc:	682b      	ldr	r3, [r5, #0]
 80012de:	00c9      	lsls	r1, r1, #3
 80012e0:	68e8      	ldr	r0, [r5, #12]
 80012e2:	1989      	adds	r1, r1, r6
 80012e4:	aa03      	add	r2, sp, #12
 80012e6:	4798      	blx	r3
 80012e8:	2800      	cmp	r0, #0
 80012ea:	d0d1      	beq.n	8001290 <journal_service+0x30>
 80012ec:	0023      	movs	r3, r4
 80012ee:	00b2      	lsls	r2, r6, #2
 80012f0:	3318      	adds	r3, #24
 80012f2:	589a      	ldr	r2, [r3, r2]
 80012f4:	9b03      	ldr	r3, [sp, #12]
 80012f6:	429a      	cmp	r2, r3
 80012f8:	d1ca      	bne.n	8001290 <journal_service+0x30>
 80012fa:	3601      	adds	r6, #1
 80012fc:	2e08      	cmp	r6, #8
 80012fe:	d1ec      	bne.n	80012da <journal_service+0x7a>
 8001300:	6a23      	ldr	r3, [r4, #32]
 8001302:	9901      	ldr	r1, [sp, #4]
 8001304:	6023      	str	r3, [r4, #0]
 8001306:	6a63      	ldr	r3, [r4, #36]	@ 0x24
 8001308:	1e5a      	subs	r2, r3, #1
 800130a:	4193      	sbcs	r3, r2
 800130c:	7223      	strb	r3, [r4, #8]
 800130e:	69e3      	ldr	r3, [r4, #28]
 8001310:	2200      	movs	r2, #0
 8001312:	6063      	str	r3, [r4, #4]
 8001314:	6923      	ldr	r3, [r4, #16]
 8001316:	72a2      	strb	r2, [r4, #10]
 8001318:	60e3      	str	r3, [r4, #12]
 800131a:	2301      	movs	r3, #1
 800131c:	7263      	strb	r3, [r4, #9]
 800131e:	700a      	strb	r2, [r1, #0]
 8001320:	343e      	adds	r4, #62	@ 0x3e
 8001322:	e7b9      	b.n	8001298 <journal_service+0x38>
 8001324:	6962      	ldr	r2, [r4, #20]
 8001326:	2607      	movs	r6, #7
 8001328:	2a00      	cmp	r2, #0
 800132a:	d000      	beq.n	800132e <journal_service+0xce>
 800132c:	1e56      	subs	r6, r2, #1
 800132e:	6921      	ldr	r1, [r4, #16]
 8001330:	686d      	ldr	r5, [r5, #4]
 8001332:	00c9      	lsls	r1, r1, #3
 8001334:	1989      	adds	r1, r1, r6
 8001336:	2a00      	cmp	r2, #0
 8001338:	d002      	beq.n	8001340 <journal_service+0xe0>
 800133a:	3606      	adds	r6, #6
 800133c:	00b6      	lsls	r6, r6, #2
 800133e:	5932      	ldr	r2, [r6, r4]
 8001340:	47a8      	blx	r5
 8001342:	2301      	movs	r3, #1
 8001344:	2800      	cmp	r0, #0
 8001346:	d102      	bne.n	800134e <journal_service+0xee>
 8001348:	87a0      	strh	r0, [r4, #60]	@ 0x3c
 800134a:	343f      	adds	r4, #63	@ 0x3f
 800134c:	e7a4      	b.n	8001298 <journal_service+0x38>
 800134e:	703b      	strb	r3, [r7, #0]
 8001350:	e7a3      	b.n	800129a <journal_service+0x3a>

08001352 <app_input>:
 8001352:	b510      	push	{r4, lr}
 8001354:	0004      	movs	r4, r0
 8001356:	0013      	movs	r3, r2
 8001358:	301c      	adds	r0, #28
 800135a:	000a      	movs	r2, r1
 800135c:	0021      	movs	r1, r4
 800135e:	f7ff fe53 	bl	8001008 <input_apply>
 8001362:	0023      	movs	r3, r4
 8001364:	3364      	adds	r3, #100	@ 0x64
 8001366:	781a      	ldrb	r2, [r3, #0]
 8001368:	2a00      	cmp	r2, #0
 800136a:	d008      	beq.n	800137e <app_input+0x2c>
 800136c:	7f62      	ldrb	r2, [r4, #29]
 800136e:	2a00      	cmp	r2, #0
 8001370:	d005      	beq.n	800137e <app_input+0x2c>
 8001372:	6a21      	ldr	r1, [r4, #32]
 8001374:	6ea2      	ldr	r2, [r4, #104]	@ 0x68
 8001376:	4291      	cmp	r1, r2
 8001378:	d001      	beq.n	800137e <app_input+0x2c>
 800137a:	2200      	movs	r2, #0
 800137c:	701a      	strb	r2, [r3, #0]
 800137e:	bd10      	pop	{r4, pc}

08001380 <app_fault>:
 8001380:	0003      	movs	r3, r0
 8001382:	7f00      	ldrb	r0, [r0, #28]
 8001384:	2800      	cmp	r0, #0
 8001386:	d101      	bne.n	800138c <app_fault+0xc>
 8001388:	3364      	adds	r3, #100	@ 0x64
 800138a:	7818      	ldrb	r0, [r3, #0]
 800138c:	4770      	bx	lr

0800138e <app_settled>:
 800138e:	0002      	movs	r2, r0
 8001390:	0003      	movs	r3, r0
 8001392:	2000      	movs	r0, #0
 8001394:	3260      	adds	r2, #96	@ 0x60
 8001396:	7812      	ldrb	r2, [r2, #0]
 8001398:	4282      	cmp	r2, r0
 800139a:	d111      	bne.n	80013c0 <app_settled+0x32>
 800139c:	001a      	movs	r2, r3
 800139e:	322d      	adds	r2, #45	@ 0x2d
 80013a0:	7812      	ldrb	r2, [r2, #0]
 80013a2:	4282      	cmp	r2, r0
 80013a4:	d00c      	beq.n	80013c0 <app_settled+0x32>
 80013a6:	6a59      	ldr	r1, [r3, #36]	@ 0x24
 80013a8:	681a      	ldr	r2, [r3, #0]
 80013aa:	4291      	cmp	r1, r2
 80013ac:	d108      	bne.n	80013c0 <app_settled+0x32>
 80013ae:	001a      	movs	r2, r3
 80013b0:	322c      	adds	r2, #44	@ 0x2c
 80013b2:	7811      	ldrb	r1, [r2, #0]
 80013b4:	7f1a      	ldrb	r2, [r3, #28]
 80013b6:	4291      	cmp	r1, r2
 80013b8:	d102      	bne.n	80013c0 <app_settled+0x32>
 80013ba:	7f5b      	ldrb	r3, [r3, #29]
 80013bc:	3001      	adds	r0, #1
 80013be:	4058      	eors	r0, r3
 80013c0:	2301      	movs	r3, #1
 80013c2:	4018      	ands	r0, r3
 80013c4:	4770      	bx	lr

080013c6 <app_can_idle>:
 80013c6:	0003      	movs	r3, r0
 80013c8:	b510      	push	{r4, lr}
 80013ca:	3360      	adds	r3, #96	@ 0x60
 80013cc:	781a      	ldrb	r2, [r3, #0]
 80013ce:	2300      	movs	r3, #0
 80013d0:	0004      	movs	r4, r0
 80013d2:	429a      	cmp	r2, r3
 80013d4:	d106      	bne.n	80013e4 <app_can_idle+0x1e>
 80013d6:	f7ff ffda 	bl	800138e <app_settled>
 80013da:	2301      	movs	r3, #1
 80013dc:	2800      	cmp	r0, #0
 80013de:	d101      	bne.n	80013e4 <app_can_idle+0x1e>
 80013e0:	3464      	adds	r4, #100	@ 0x64
 80013e2:	7823      	ldrb	r3, [r4, #0]
 80013e4:	2001      	movs	r0, #1
 80013e6:	4018      	ands	r0, r3
 80013e8:	bd10      	pop	{r4, pc}

080013ea <app_storage_error>:
 80013ea:	0002      	movs	r2, r0
 80013ec:	3264      	adds	r2, #100	@ 0x64
 80013ee:	7813      	ldrb	r3, [r2, #0]
 80013f0:	2b00      	cmp	r3, #0
 80013f2:	d106      	bne.n	8001402 <app_storage_error+0x18>
 80013f4:	3301      	adds	r3, #1
 80013f6:	7013      	strb	r3, [r2, #0]
 80013f8:	8383      	strh	r3, [r0, #28]
 80013fa:	6a03      	ldr	r3, [r0, #32]
 80013fc:	3301      	adds	r3, #1
 80013fe:	6203      	str	r3, [r0, #32]
 8001400:	6683      	str	r3, [r0, #104]	@ 0x68
 8001402:	4770      	bx	lr

08001404 <app_init>:
 8001404:	b570      	push	{r4, r5, r6, lr}
 8001406:	0004      	movs	r4, r0
 8001408:	000e      	movs	r6, r1
 800140a:	0015      	movs	r5, r2
 800140c:	2100      	movs	r1, #0
 800140e:	226c      	movs	r2, #108	@ 0x6c
 8001410:	f7ff fd32 	bl	8000e78 <memset>
 8001414:	0020      	movs	r0, r4
 8001416:	0031      	movs	r1, r6
 8001418:	3024      	adds	r0, #36	@ 0x24
 800141a:	f7ff fe87 	bl	800112c <journal_load>
 800141e:	002a      	movs	r2, r5
 8001420:	0020      	movs	r0, r4
 8001422:	6a61      	ldr	r1, [r4, #36]	@ 0x24
 8001424:	f7ff fd30 	bl	8000e88 <counter_init>
 8001428:	0023      	movs	r3, r4
 800142a:	332c      	adds	r3, #44	@ 0x2c
 800142c:	781b      	ldrb	r3, [r3, #0]
 800142e:	7723      	strb	r3, [r4, #28]
 8001430:	0023      	movs	r3, r4
 8001432:	332f      	adds	r3, #47	@ 0x2f
 8001434:	781b      	ldrb	r3, [r3, #0]
 8001436:	2b00      	cmp	r3, #0
 8001438:	d002      	beq.n	8001440 <app_init+0x3c>
 800143a:	0020      	movs	r0, r4
 800143c:	f7ff ffd5 	bl	80013ea <app_storage_error>
 8001440:	bd70      	pop	{r4, r5, r6, pc}

08001442 <app_service>:
 8001442:	b5f8      	push	{r3, r4, r5, r6, r7, lr}
 8001444:	0007      	movs	r7, r0
 8001446:	0006      	movs	r6, r0
 8001448:	3760      	adds	r7, #96	@ 0x60
 800144a:	001d      	movs	r5, r3
 800144c:	783b      	ldrb	r3, [r7, #0]
 800144e:	0004      	movs	r4, r0
 8001450:	3624      	adds	r6, #36	@ 0x24
 8001452:	2b00      	cmp	r3, #0
 8001454:	d002      	beq.n	800145c <app_service+0x1a>
 8001456:	0030      	movs	r0, r6
 8001458:	f7ff ff02 	bl	8001260 <journal_service>
 800145c:	0023      	movs	r3, r4
 800145e:	3363      	adds	r3, #99	@ 0x63
 8001460:	781a      	ldrb	r2, [r3, #0]
 8001462:	2a00      	cmp	r2, #0
 8001464:	d004      	beq.n	8001470 <app_service+0x2e>
 8001466:	2200      	movs	r2, #0
 8001468:	0020      	movs	r0, r4
 800146a:	701a      	strb	r2, [r3, #0]
 800146c:	f7ff ffbd 	bl	80013ea <app_storage_error>
 8001470:	0023      	movs	r3, r4
 8001472:	3362      	adds	r3, #98	@ 0x62
 8001474:	781a      	ldrb	r2, [r3, #0]
 8001476:	2a00      	cmp	r2, #0
 8001478:	d016      	beq.n	80014a8 <app_service+0x66>
 800147a:	2200      	movs	r2, #0
 800147c:	701a      	strb	r2, [r3, #0]
 800147e:	7f62      	ldrb	r2, [r4, #29]
 8001480:	6a63      	ldr	r3, [r4, #36]	@ 0x24
 8001482:	2a00      	cmp	r2, #0
 8001484:	d00b      	beq.n	800149e <app_service+0x5c>
 8001486:	6de1      	ldr	r1, [r4, #92]	@ 0x5c
 8001488:	6a22      	ldr	r2, [r4, #32]
 800148a:	4291      	cmp	r1, r2
 800148c:	d107      	bne.n	800149e <app_service+0x5c>
 800148e:	2b00      	cmp	r3, #0
 8001490:	d105      	bne.n	800149e <app_service+0x5c>
 8001492:	0022      	movs	r2, r4
 8001494:	320d      	adds	r2, #13
 8001496:	7fd2      	ldrb	r2, [r2, #31]
 8001498:	2a00      	cmp	r2, #0
 800149a:	d100      	bne.n	800149e <app_service+0x5c>
 800149c:	83a3      	strh	r3, [r4, #28]
 800149e:	6822      	ldr	r2, [r4, #0]
 80014a0:	429a      	cmp	r2, r3
 80014a2:	d101      	bne.n	80014a8 <app_service+0x66>
 80014a4:	2300      	movs	r3, #0
 80014a6:	72a3      	strb	r3, [r4, #10]
 80014a8:	783b      	ldrb	r3, [r7, #0]
 80014aa:	2b00      	cmp	r3, #0
 80014ac:	d121      	bne.n	80014f2 <app_service+0xb0>
 80014ae:	0023      	movs	r3, r4
 80014b0:	3364      	adds	r3, #100	@ 0x64
 80014b2:	781b      	ldrb	r3, [r3, #0]
 80014b4:	2b00      	cmp	r3, #0
 80014b6:	d11c      	bne.n	80014f2 <app_service+0xb0>
 80014b8:	2d00      	cmp	r5, #0
 80014ba:	d01a      	beq.n	80014f2 <app_service+0xb0>
 80014bc:	7f22      	ldrb	r2, [r4, #28]
 80014be:	2a00      	cmp	r2, #0
 80014c0:	d002      	beq.n	80014c8 <app_service+0x86>
 80014c2:	2201      	movs	r2, #1
 80014c4:	7f63      	ldrb	r3, [r4, #29]
 80014c6:	405a      	eors	r2, r3
 80014c8:	0020      	movs	r0, r4
 80014ca:	0023      	movs	r3, r4
 80014cc:	302d      	adds	r0, #45	@ 0x2d
 80014ce:	7800      	ldrb	r0, [r0, #0]
 80014d0:	6821      	ldr	r1, [r4, #0]
 80014d2:	330d      	adds	r3, #13
 80014d4:	2800      	cmp	r0, #0
 80014d6:	d008      	beq.n	80014ea <app_service+0xa8>
 80014d8:	6a60      	ldr	r0, [r4, #36]	@ 0x24
 80014da:	4288      	cmp	r0, r1
 80014dc:	d105      	bne.n	80014ea <app_service+0xa8>
 80014de:	7fdb      	ldrb	r3, [r3, #31]
 80014e0:	4293      	cmp	r3, r2
 80014e2:	d102      	bne.n	80014ea <app_service+0xa8>
 80014e4:	7f63      	ldrb	r3, [r4, #29]
 80014e6:	2b00      	cmp	r3, #0
 80014e8:	d003      	beq.n	80014f2 <app_service+0xb0>
 80014ea:	0030      	movs	r0, r6
 80014ec:	6a23      	ldr	r3, [r4, #32]
 80014ee:	f7ff fe85 	bl	80011fc <journal_begin>
 80014f2:	bdf8      	pop	{r3, r4, r5, r6, r7, pc}

080014f4 <exchange>:
 80014f4:	b570      	push	{r4, r5, r6, lr}
 80014f6:	0004      	movs	r4, r0
 80014f8:	3031      	adds	r0, #49	@ 0x31
 80014fa:	7800      	ldrb	r0, [r0, #0]
 80014fc:	2800      	cmp	r0, #0
 80014fe:	d00a      	beq.n	8001516 <exchange+0x22>
 8001500:	0020      	movs	r0, r4
 8001502:	3033      	adds	r0, #51	@ 0x33
 8001504:	7800      	ldrb	r0, [r0, #0]
 8001506:	2800      	cmp	r0, #0
 8001508:	d105      	bne.n	8001516 <exchange+0x22>
 800150a:	6825      	ldr	r5, [r4, #0]
 800150c:	6860      	ldr	r0, [r4, #4]
 800150e:	47a8      	blx	r5
 8001510:	2800      	cmp	r0, #0
 8001512:	d101      	bne.n	8001518 <exchange+0x24>
 8001514:	8620      	strh	r0, [r4, #48]	@ 0x30
 8001516:	2000      	movs	r0, #0
 8001518:	bd70      	pop	{r4, r5, r6, pc}

0800151a <status>:
 800151a:	b537      	push	{r0, r1, r2, r4, r5, lr}
 800151c:	2305      	movs	r3, #5
 800151e:	466a      	mov	r2, sp
 8001520:	ad01      	add	r5, sp, #4
 8001522:	8013      	strh	r3, [r2, #0]
 8001524:	000c      	movs	r4, r1
 8001526:	002a      	movs	r2, r5
 8001528:	4669      	mov	r1, sp
 800152a:	3b03      	subs	r3, #3
 800152c:	f7ff ffe2 	bl	80014f4 <exchange>
 8001530:	2800      	cmp	r0, #0
 8001532:	d006      	beq.n	8001542 <status+0x28>
 8001534:	2371      	movs	r3, #113	@ 0x71
 8001536:	7868      	ldrb	r0, [r5, #1]
 8001538:	7020      	strb	r0, [r4, #0]
 800153a:	4018      	ands	r0, r3
 800153c:	4243      	negs	r3, r0
 800153e:	4158      	adcs	r0, r3
 8001540:	b2c0      	uxtb	r0, r0
 8001542:	bd3e      	pop	{r1, r2, r3, r4, r5, pc}

08001544 <read_word>:
 8001544:	23c0      	movs	r3, #192	@ 0xc0
 8001546:	b5f0      	push	{r4, r5, r6, r7, lr}
 8001548:	b095      	sub	sp, #84	@ 0x54
 800154a:	0004      	movs	r4, r0
 800154c:	000d      	movs	r5, r1
 800154e:	9201      	str	r2, [sp, #4]
 8001550:	009b      	lsls	r3, r3, #2
 8001552:	4299      	cmp	r1, r3
 8001554:	d221      	bcs.n	800159a <read_word+0x56>
 8001556:	0003      	movs	r3, r0
 8001558:	3332      	adds	r3, #50	@ 0x32
 800155a:	781b      	ldrb	r3, [r3, #0]
 800155c:	2b00      	cmp	r3, #0
 800155e:	d11c      	bne.n	800159a <read_word+0x56>
 8001560:	0003      	movs	r3, r0
 8001562:	3330      	adds	r3, #48	@ 0x30
 8001564:	781b      	ldrb	r3, [r3, #0]
 8001566:	08ce      	lsrs	r6, r1, #3
 8001568:	2b00      	cmp	r3, #0
 800156a:	d002      	beq.n	8001572 <read_word+0x2e>
 800156c:	6a83      	ldr	r3, [r0, #40]	@ 0x28
 800156e:	42b3      	cmp	r3, r6
 8001570:	d02e      	beq.n	80015d0 <read_word+0x8c>
 8001572:	2303      	movs	r3, #3
 8001574:	221f      	movs	r2, #31
 8001576:	2100      	movs	r1, #0
 8001578:	a803      	add	r0, sp, #12
 800157a:	9302      	str	r3, [sp, #8]
 800157c:	f7ff fc7c 	bl	8000e78 <memset>
 8001580:	0173      	lsls	r3, r6, #5
 8001582:	af02      	add	r7, sp, #8
 8001584:	0a1a      	lsrs	r2, r3, #8
 8001586:	707a      	strb	r2, [r7, #1]
 8001588:	70bb      	strb	r3, [r7, #2]
 800158a:	0039      	movs	r1, r7
 800158c:	2323      	movs	r3, #35	@ 0x23
 800158e:	0020      	movs	r0, r4
 8001590:	aa0b      	add	r2, sp, #44	@ 0x2c
 8001592:	f7ff ffaf 	bl	80014f4 <exchange>
 8001596:	2800      	cmp	r0, #0
 8001598:	d102      	bne.n	80015a0 <read_word+0x5c>
 800159a:	2000      	movs	r0, #0
 800159c:	b015      	add	sp, #84	@ 0x54
 800159e:	bdf0      	pop	{r4, r5, r6, r7, pc}
 80015a0:	0021      	movs	r1, r4
 80015a2:	0020      	movs	r0, r4
 80015a4:	ab0b      	add	r3, sp, #44	@ 0x2c
 80015a6:	3108      	adds	r1, #8
 80015a8:	3028      	adds	r0, #40	@ 0x28
 80015aa:	791a      	ldrb	r2, [r3, #4]
 80015ac:	795f      	ldrb	r7, [r3, #5]
 80015ae:	0212      	lsls	r2, r2, #8
 80015b0:	043f      	lsls	r7, r7, #16
 80015b2:	433a      	orrs	r2, r7
 80015b4:	78df      	ldrb	r7, [r3, #3]
 80015b6:	3304      	adds	r3, #4
 80015b8:	433a      	orrs	r2, r7
 80015ba:	789f      	ldrb	r7, [r3, #2]
 80015bc:	063f      	lsls	r7, r7, #24
 80015be:	433a      	orrs	r2, r7
 80015c0:	c104      	stmia	r1!, {r2}
 80015c2:	4288      	cmp	r0, r1
 80015c4:	d1f1      	bne.n	80015aa <read_word+0x66>
 80015c6:	0023      	movs	r3, r4
 80015c8:	2201      	movs	r2, #1
 80015ca:	3330      	adds	r3, #48	@ 0x30
 80015cc:	62a6      	str	r6, [r4, #40]	@ 0x28
 80015ce:	701a      	strb	r2, [r3, #0]
 80015d0:	2307      	movs	r3, #7
 80015d2:	401d      	ands	r5, r3
 80015d4:	3502      	adds	r5, #2
 80015d6:	00ad      	lsls	r5, r5, #2
 80015d8:	592b      	ldr	r3, [r5, r4]
 80015da:	9a01      	ldr	r2, [sp, #4]
 80015dc:	2001      	movs	r0, #1
 80015de:	6013      	str	r3, [r2, #0]
 80015e0:	e7dc      	b.n	800159c <read_word+0x58>

080015e2 <start_word>:
 80015e2:	23c0      	movs	r3, #192	@ 0xc0
 80015e4:	b5f0      	push	{r4, r5, r6, r7, lr}
 80015e6:	009b      	lsls	r3, r3, #2
 80015e8:	0004      	movs	r4, r0
 80015ea:	000e      	movs	r6, r1
 80015ec:	0015      	movs	r5, r2
 80015ee:	b089      	sub	sp, #36	@ 0x24
 80015f0:	4299      	cmp	r1, r3
 80015f2:	d302      	bcc.n	80015fa <start_word+0x18>
 80015f4:	2000      	movs	r0, #0
 80015f6:	b009      	add	sp, #36	@ 0x24
 80015f8:	bdf0      	pop	{r4, r5, r6, r7, pc}
 80015fa:	0003      	movs	r3, r0
 80015fc:	3332      	adds	r3, #50	@ 0x32
 80015fe:	9301      	str	r3, [sp, #4]
 8001600:	781b      	ldrb	r3, [r3, #0]
 8001602:	2b00      	cmp	r3, #0
 8001604:	d1f6      	bne.n	80015f4 <start_word+0x12>
 8001606:	2206      	movs	r2, #6
 8001608:	a902      	add	r1, sp, #8
 800160a:	714a      	strb	r2, [r1, #5]
 800160c:	0002      	movs	r2, r0
 800160e:	1dcf      	adds	r7, r1, #7
 8001610:	3230      	adds	r2, #48	@ 0x30
 8001612:	0039      	movs	r1, r7
 8001614:	7013      	strb	r3, [r2, #0]
 8001616:	f7ff ff80 	bl	800151a <status>
 800161a:	2800      	cmp	r0, #0
 800161c:	d0ea      	beq.n	80015f4 <start_word+0x12>
 800161e:	230c      	movs	r3, #12
 8001620:	783a      	ldrb	r2, [r7, #0]
 8001622:	421a      	tst	r2, r3
 8001624:	d1e6      	bne.n	80015f4 <start_word+0x12>
 8001626:	aa02      	add	r2, sp, #8
 8001628:	a902      	add	r1, sp, #8
 800162a:	0020      	movs	r0, r4
 800162c:	3b0b      	subs	r3, #11
 800162e:	3206      	adds	r2, #6
 8001630:	3105      	adds	r1, #5
 8001632:	f7ff ff5f 	bl	80014f4 <exchange>
 8001636:	2800      	cmp	r0, #0
 8001638:	d0dc      	beq.n	80015f4 <start_word+0x12>
 800163a:	0039      	movs	r1, r7
 800163c:	0020      	movs	r0, r4
 800163e:	f7ff ff6c 	bl	800151a <status>
 8001642:	2800      	cmp	r0, #0
 8001644:	d0d6      	beq.n	80015f4 <start_word+0x12>
 8001646:	2302      	movs	r3, #2
 8001648:	783a      	ldrb	r2, [r7, #0]
 800164a:	421a      	tst	r2, r3
 800164c:	d0d2      	beq.n	80015f4 <start_word+0x12>
 800164e:	409e      	lsls	r6, r3
 8001650:	a904      	add	r1, sp, #16
 8001652:	700b      	strb	r3, [r1, #0]
 8001654:	0a33      	lsrs	r3, r6, #8
 8001656:	704b      	strb	r3, [r1, #1]
 8001658:	0a2b      	lsrs	r3, r5, #8
 800165a:	710b      	strb	r3, [r1, #4]
 800165c:	0c2b      	lsrs	r3, r5, #16
 800165e:	70cd      	strb	r5, [r1, #3]
 8001660:	714b      	strb	r3, [r1, #5]
 8001662:	0e2d      	lsrs	r5, r5, #24
 8001664:	2307      	movs	r3, #7
 8001666:	0020      	movs	r0, r4
 8001668:	aa06      	add	r2, sp, #24
 800166a:	708e      	strb	r6, [r1, #2]
 800166c:	718d      	strb	r5, [r1, #6]
 800166e:	f7ff ff41 	bl	80014f4 <exchange>
 8001672:	2800      	cmp	r0, #0
 8001674:	d0be      	beq.n	80015f4 <start_word+0x12>
 8001676:	2301      	movs	r3, #1
 8001678:	9a01      	ldr	r2, [sp, #4]
 800167a:	7013      	strb	r3, [r2, #0]
 800167c:	e7bb      	b.n	80015f6 <start_word+0x14>

0800167e <complete>:
 800167e:	0003      	movs	r3, r0
 8001680:	b513      	push	{r0, r1, r4, lr}
 8001682:	3332      	adds	r3, #50	@ 0x32
 8001684:	781a      	ldrb	r2, [r3, #0]
 8001686:	2a00      	cmp	r2, #0
 8001688:	d101      	bne.n	800168e <complete+0x10>
 800168a:	2002      	movs	r0, #2
 800168c:	bd16      	pop	{r1, r2, r4, pc}
 800168e:	2200      	movs	r2, #0
 8001690:	701a      	strb	r2, [r3, #0]
 8001692:	466b      	mov	r3, sp
 8001694:	1ddc      	adds	r4, r3, #7
 8001696:	0021      	movs	r1, r4
 8001698:	f7ff ff3f 	bl	800151a <status>
 800169c:	2800      	cmp	r0, #0
 800169e:	d0f4      	beq.n	800168a <complete+0xc>
 80016a0:	230e      	movs	r3, #14
 80016a2:	7822      	ldrb	r2, [r4, #0]
 80016a4:	421a      	tst	r2, r3
 80016a6:	d1f0      	bne.n	800168a <complete+0xc>
 80016a8:	2001      	movs	r0, #1
 80016aa:	e7ef      	b.n	800168c <complete+0xe>

080016ac <fram_init>:
 80016ac:	b5f0      	push	{r4, r5, r6, r7, lr}
 80016ae:	0004      	movs	r4, r0
 80016b0:	b089      	sub	sp, #36	@ 0x24
 80016b2:	2238      	movs	r2, #56	@ 0x38
 80016b4:	000d      	movs	r5, r1
 80016b6:	2100      	movs	r1, #0
 80016b8:	f7ff fbde 	bl	8000e78 <memset>
 80016bc:	0023      	movs	r3, r4
 80016be:	0027      	movs	r7, r4
 80016c0:	cd06      	ldmia	r5!, {r1, r2}
 80016c2:	c306      	stmia	r3!, {r1, r2}
 80016c4:	2501      	movs	r5, #1
 80016c6:	2304      	movs	r3, #4
 80016c8:	466a      	mov	r2, sp
 80016ca:	3731      	adds	r7, #49	@ 0x31
 80016cc:	7153      	strb	r3, [r2, #5]
 80016ce:	2100      	movs	r1, #0
 80016d0:	339b      	adds	r3, #155	@ 0x9b
 80016d2:	2206      	movs	r2, #6
 80016d4:	703d      	strb	r5, [r7, #0]
 80016d6:	a803      	add	r0, sp, #12
 80016d8:	9302      	str	r3, [sp, #8]
 80016da:	f7ff fbcd 	bl	8000e78 <memset>
 80016de:	466a      	mov	r2, sp
 80016e0:	4669      	mov	r1, sp
 80016e2:	002b      	movs	r3, r5
 80016e4:	0020      	movs	r0, r4
 80016e6:	3206      	adds	r2, #6
 80016e8:	3105      	adds	r1, #5
 80016ea:	f7ff ff03 	bl	80014f4 <exchange>
 80016ee:	2800      	cmp	r0, #0
 80016f0:	d014      	beq.n	800171c <fram_init+0x70>
 80016f2:	466b      	mov	r3, sp
 80016f4:	1dde      	adds	r6, r3, #7
 80016f6:	0031      	movs	r1, r6
 80016f8:	0020      	movs	r0, r4
 80016fa:	f7ff ff0e 	bl	800151a <status>
 80016fe:	2800      	cmp	r0, #0
 8001700:	d00c      	beq.n	800171c <fram_init+0x70>
 8001702:	230e      	movs	r3, #14
 8001704:	7832      	ldrb	r2, [r6, #0]
 8001706:	421a      	tst	r2, r3
 8001708:	d108      	bne.n	800171c <fram_init+0x70>
 800170a:	ae05      	add	r6, sp, #20
 800170c:	0032      	movs	r2, r6
 800170e:	0020      	movs	r0, r4
 8001710:	3b04      	subs	r3, #4
 8001712:	a902      	add	r1, sp, #8
 8001714:	f7ff feee 	bl	80014f4 <exchange>
 8001718:	2800      	cmp	r0, #0
 800171a:	d103      	bne.n	8001724 <fram_init+0x78>
 800171c:	2000      	movs	r0, #0
 800171e:	7038      	strb	r0, [r7, #0]
 8001720:	b009      	add	sp, #36	@ 0x24
 8001722:	bdf0      	pop	{r4, r5, r6, r7, pc}
 8001724:	5d73      	ldrb	r3, [r6, r5]
 8001726:	2b7f      	cmp	r3, #127	@ 0x7f
 8001728:	d1f8      	bne.n	800171c <fram_init+0x70>
 800172a:	3501      	adds	r5, #1
 800172c:	2d07      	cmp	r5, #7
 800172e:	d1f9      	bne.n	8001724 <fram_init+0x78>
 8001730:	79f3      	ldrb	r3, [r6, #7]
 8001732:	2bc2      	cmp	r3, #194	@ 0xc2
 8001734:	d1f2      	bne.n	800171c <fram_init+0x70>
 8001736:	7a33      	ldrb	r3, [r6, #8]
 8001738:	2b22      	cmp	r3, #34	@ 0x22
 800173a:	d1ef      	bne.n	800171c <fram_init+0x70>
 800173c:	2238      	movs	r2, #56	@ 0x38
 800173e:	7a73      	ldrb	r3, [r6, #9]
 8001740:	4393      	bics	r3, r2
 8001742:	d0ed      	beq.n	8001720 <fram_init+0x74>
 8001744:	e7ea      	b.n	800171c <fram_init+0x70>
	...

08001748 <fram_storage>:
 8001748:	4b03      	ldr	r3, [pc, #12]	@ (8001758 <fram_storage+0x10>)
 800174a:	60c1      	str	r1, [r0, #12]
 800174c:	6003      	str	r3, [r0, #0]
 800174e:	4b03      	ldr	r3, [pc, #12]	@ (800175c <fram_storage+0x14>)
 8001750:	6043      	str	r3, [r0, #4]
 8001752:	4b03      	ldr	r3, [pc, #12]	@ (8001760 <fram_storage+0x18>)
 8001754:	6083      	str	r3, [r0, #8]
 8001756:	4770      	bx	lr
 8001758:	08001545 	.word	0x08001545
 800175c:	080015e3 	.word	0x080015e3
 8001760:	0800167f 	.word	0x0800167f

08001764 <fram_available>:
 8001764:	0002      	movs	r2, r0
 8001766:	3231      	adds	r2, #49	@ 0x31
 8001768:	0003      	movs	r3, r0
 800176a:	7810      	ldrb	r0, [r2, #0]
 800176c:	2800      	cmp	r0, #0
 800176e:	d003      	beq.n	8001778 <fram_available+0x14>
 8001770:	2001      	movs	r0, #1
 8001772:	3333      	adds	r3, #51	@ 0x33
 8001774:	781b      	ldrb	r3, [r3, #0]
 8001776:	4058      	eors	r0, r3
 8001778:	4770      	bx	lr

0800177a <fram_sleep>:
 800177a:	0003      	movs	r3, r0
 800177c:	b5f7      	push	{r0, r1, r2, r4, r5, r6, r7, lr}
 800177e:	3332      	adds	r3, #50	@ 0x32
 8001780:	781b      	ldrb	r3, [r3, #0]
 8001782:	0004      	movs	r4, r0
 8001784:	2b00      	cmp	r3, #0
 8001786:	d002      	beq.n	800178e <fram_sleep+0x14>
 8001788:	2500      	movs	r5, #0
 800178a:	0028      	movs	r0, r5
 800178c:	bdfe      	pop	{r1, r2, r3, r4, r5, r6, r7, pc}
 800178e:	0003      	movs	r3, r0
 8001790:	3331      	adds	r3, #49	@ 0x31
 8001792:	781d      	ldrb	r5, [r3, #0]
 8001794:	2d00      	cmp	r5, #0
 8001796:	d0f7      	beq.n	8001788 <fram_sleep+0xe>
 8001798:	0007      	movs	r7, r0
 800179a:	3733      	adds	r7, #51	@ 0x33
 800179c:	783e      	ldrb	r6, [r7, #0]
 800179e:	2e00      	cmp	r6, #0
 80017a0:	d1f3      	bne.n	800178a <fram_sleep+0x10>
 80017a2:	23b9      	movs	r3, #185	@ 0xb9
 80017a4:	466a      	mov	r2, sp
 80017a6:	4669      	mov	r1, sp
 80017a8:	7193      	strb	r3, [r2, #6]
 80017aa:	3106      	adds	r1, #6
 80017ac:	3bb8      	subs	r3, #184	@ 0xb8
 80017ae:	3207      	adds	r2, #7
 80017b0:	f7ff fea0 	bl	80014f4 <exchange>
 80017b4:	2800      	cmp	r0, #0
 80017b6:	d0e7      	beq.n	8001788 <fram_sleep+0xe>
 80017b8:	0023      	movs	r3, r4
 80017ba:	3330      	adds	r3, #48	@ 0x30
 80017bc:	701e      	strb	r6, [r3, #0]
 80017be:	2301      	movs	r3, #1
 80017c0:	3434      	adds	r4, #52	@ 0x34
 80017c2:	703b      	strb	r3, [r7, #0]
 80017c4:	7026      	strb	r6, [r4, #0]
 80017c6:	e7e0      	b.n	800178a <fram_sleep+0x10>

080017c8 <fram_wake>:
 80017c8:	0003      	movs	r3, r0
 80017ca:	b5f7      	push	{r0, r1, r2, r4, r5, r6, r7, lr}
 80017cc:	3331      	adds	r3, #49	@ 0x31
 80017ce:	0004      	movs	r4, r0
 80017d0:	7818      	ldrb	r0, [r3, #0]
 80017d2:	000d      	movs	r5, r1
 80017d4:	2800      	cmp	r0, #0
 80017d6:	d016      	beq.n	8001806 <fram_wake+0x3e>
 80017d8:	0022      	movs	r2, r4
 80017da:	3233      	adds	r2, #51	@ 0x33
 80017dc:	7813      	ldrb	r3, [r2, #0]
 80017de:	2b00      	cmp	r3, #0
 80017e0:	d012      	beq.n	8001808 <fram_wake+0x40>
 80017e2:	0026      	movs	r6, r4
 80017e4:	3634      	adds	r6, #52	@ 0x34
 80017e6:	7833      	ldrb	r3, [r6, #0]
 80017e8:	2b00      	cmp	r3, #0
 80017ea:	d112      	bne.n	8001812 <fram_wake+0x4a>
 80017ec:	466a      	mov	r2, sp
 80017ee:	4669      	mov	r1, sp
 80017f0:	3303      	adds	r3, #3
 80017f2:	7193      	strb	r3, [r2, #6]
 80017f4:	6827      	ldr	r7, [r4, #0]
 80017f6:	6860      	ldr	r0, [r4, #4]
 80017f8:	3b02      	subs	r3, #2
 80017fa:	3207      	adds	r2, #7
 80017fc:	3106      	adds	r1, #6
 80017fe:	47b8      	blx	r7
 8001800:	2800      	cmp	r0, #0
 8001802:	d102      	bne.n	800180a <fram_wake+0x42>
 8001804:	8620      	strh	r0, [r4, #48]	@ 0x30
 8001806:	2000      	movs	r0, #0
 8001808:	bdfe      	pop	{r1, r2, r3, r4, r5, r6, r7, pc}
 800180a:	2301      	movs	r3, #1
 800180c:	62e5      	str	r5, [r4, #44]	@ 0x2c
 800180e:	7033      	strb	r3, [r6, #0]
 8001810:	e7f9      	b.n	8001806 <fram_wake+0x3e>
 8001812:	6ae3      	ldr	r3, [r4, #44]	@ 0x2c
 8001814:	1acd      	subs	r5, r1, r3
 8001816:	2d01      	cmp	r5, #1
 8001818:	d9f5      	bls.n	8001806 <fram_wake+0x3e>
 800181a:	2300      	movs	r3, #0
 800181c:	7013      	strb	r3, [r2, #0]
 800181e:	7033      	strb	r3, [r6, #0]
 8001820:	e7f2      	b.n	8001808 <fram_wake+0x40>

08001822 <fail>:
 8001822:	b570      	push	{r4, r5, r6, lr}
 8001824:	000d      	movs	r5, r1
 8001826:	690b      	ldr	r3, [r1, #16]
 8001828:	0004      	movs	r4, r0
 800182a:	4798      	blx	r3
 800182c:	686b      	ldr	r3, [r5, #4]
 800182e:	2001      	movs	r0, #1
 8001830:	4798      	blx	r3
 8001832:	2300      	movs	r3, #0
 8001834:	7723      	strb	r3, [r4, #28]
 8001836:	77a3      	strb	r3, [r4, #30]
 8001838:	6963      	ldr	r3, [r4, #20]
 800183a:	3301      	adds	r3, #1
 800183c:	6163      	str	r3, [r4, #20]
 800183e:	2311      	movs	r3, #17
 8001840:	7023      	strb	r3, [r4, #0]
 8001842:	696b      	ldr	r3, [r5, #20]
 8001844:	4798      	blx	r3
 8001846:	30c8      	adds	r0, #200	@ 0xc8
 8001848:	6060      	str	r0, [r4, #4]
 800184a:	bd70      	pop	{r4, r5, r6, pc}

0800184c <glyph_byte>:
 800184c:	b5f0      	push	{r4, r5, r6, r7, lr}
 800184e:	b087      	sub	sp, #28
 8001850:	9301      	str	r3, [sp, #4]
 8001852:	ab0c      	add	r3, sp, #48	@ 0x30
 8001854:	781b      	ldrb	r3, [r3, #0]
 8001856:	0006      	movs	r6, r0
 8001858:	9302      	str	r3, [sp, #8]
 800185a:	9b01      	ldr	r3, [sp, #4]
 800185c:	2400      	movs	r4, #0
 800185e:	9105      	str	r1, [sp, #20]
 8001860:	9203      	str	r2, [sp, #12]
 8001862:	2b07      	cmp	r3, #7
 8001864:	d84b      	bhi.n	80018fe <glyph_byte+0xb2>
 8001866:	466b      	mov	r3, sp
 8001868:	7a1b      	ldrb	r3, [r3, #8]
 800186a:	b25b      	sxtb	r3, r3
 800186c:	42a3      	cmp	r3, r4
 800186e:	db46      	blt.n	80018fe <glyph_byte+0xb2>
 8001870:	9f02      	ldr	r7, [sp, #8]
 8001872:	3f10      	subs	r7, #16
 8001874:	b2fb      	uxtb	r3, r7
 8001876:	2b5f      	cmp	r3, #95	@ 0x5f
 8001878:	d82c      	bhi.n	80018d4 <glyph_byte+0x88>
 800187a:	210c      	movs	r1, #12
 800187c:	0038      	movs	r0, r7
 800187e:	f000 faf9 	bl	8001e74 <__aeabi_uidivmod>
 8001882:	000d      	movs	r5, r1
 8001884:	2909      	cmp	r1, #9
 8001886:	d825      	bhi.n	80018d4 <glyph_byte+0x88>
 8001888:	210c      	movs	r1, #12
 800188a:	0038      	movs	r0, r7
 800188c:	f000 fa6c 	bl	8001d68 <__udivsi3>
 8001890:	5c31      	ldrb	r1, [r6, r0]
 8001892:	2909      	cmp	r1, #9
 8001894:	d81e      	bhi.n	80018d4 <glyph_byte+0x88>
 8001896:	2205      	movs	r2, #5
 8001898:	0026      	movs	r6, r4
 800189a:	2701      	movs	r7, #1
 800189c:	434a      	muls	r2, r1
 800189e:	4b1a      	ldr	r3, [pc, #104]	@ (8001908 <glyph_byte+0xbc>)
 80018a0:	086d      	lsrs	r5, r5, #1
 80018a2:	189b      	adds	r3, r3, r2
 80018a4:	5d5b      	ldrb	r3, [r3, r5]
 80018a6:	4a19      	ldr	r2, [pc, #100]	@ (800190c <glyph_byte+0xc0>)
 80018a8:	9304      	str	r3, [sp, #16]
 80018aa:	9b01      	ldr	r3, [sp, #4]
 80018ac:	189d      	adds	r5, r3, r2
 80018ae:	00ed      	lsls	r5, r5, #3
 80018b0:	2d29      	cmp	r5, #41	@ 0x29
 80018b2:	d80b      	bhi.n	80018cc <glyph_byte+0x80>
 80018b4:	2106      	movs	r1, #6
 80018b6:	0028      	movs	r0, r5
 80018b8:	f000 fa56 	bl	8001d68 <__udivsi3>
 80018bc:	9b04      	ldr	r3, [sp, #16]
 80018be:	40c3      	lsrs	r3, r0
 80018c0:	423b      	tst	r3, r7
 80018c2:	d003      	beq.n	80018cc <glyph_byte+0x80>
 80018c4:	003b      	movs	r3, r7
 80018c6:	40b3      	lsls	r3, r6
 80018c8:	431c      	orrs	r4, r3
 80018ca:	b2e4      	uxtb	r4, r4
 80018cc:	3601      	adds	r6, #1
 80018ce:	3501      	adds	r5, #1
 80018d0:	2e08      	cmp	r6, #8
 80018d2:	d1ed      	bne.n	80018b0 <glyph_byte+0x64>
 80018d4:	9b05      	ldr	r3, [sp, #20]
 80018d6:	2b00      	cmp	r3, #0
 80018d8:	d102      	bne.n	80018e0 <glyph_byte+0x94>
 80018da:	9b03      	ldr	r3, [sp, #12]
 80018dc:	2b00      	cmp	r3, #0
 80018de:	d00e      	beq.n	80018fe <glyph_byte+0xb2>
 80018e0:	9b01      	ldr	r3, [sp, #4]
 80018e2:	2b07      	cmp	r3, #7
 80018e4:	d10b      	bne.n	80018fe <glyph_byte+0xb2>
 80018e6:	9b02      	ldr	r3, [sp, #8]
 80018e8:	3b3a      	subs	r3, #58	@ 0x3a
 80018ea:	b2da      	uxtb	r2, r3
 80018ec:	2a0a      	cmp	r2, #10
 80018ee:	d806      	bhi.n	80018fe <glyph_byte+0xb2>
 80018f0:	9a03      	ldr	r2, [sp, #12]
 80018f2:	2a00      	cmp	r2, #0
 80018f4:	d006      	beq.n	8001904 <glyph_byte+0xb8>
 80018f6:	4a06      	ldr	r2, [pc, #24]	@ (8001910 <glyph_byte+0xc4>)
 80018f8:	5cd4      	ldrb	r4, [r2, r3]
 80018fa:	00a4      	lsls	r4, r4, #2
 80018fc:	b2e4      	uxtb	r4, r4
 80018fe:	0020      	movs	r0, r4
 8001900:	b007      	add	sp, #28
 8001902:	bdf0      	pop	{r4, r5, r6, r7, pc}
 8001904:	4a03      	ldr	r2, [pc, #12]	@ (8001914 <glyph_byte+0xc8>)
 8001906:	e7f7      	b.n	80018f8 <glyph_byte+0xac>
 8001908:	08001ebe 	.word	0x08001ebe
 800190c:	1fffffff 	.word	0x1fffffff
 8001910:	08001ea8 	.word	0x08001ea8
 8001914:	08001eb3 	.word	0x08001eb3

08001918 <send.isra.0>:
 8001918:	b5f8      	push	{r3, r4, r5, r6, r7, lr}
 800191a:	000d      	movs	r5, r1
 800191c:	0004      	movs	r4, r0
 800191e:	0019      	movs	r1, r3
 8001920:	0010      	movs	r0, r2
 8001922:	ab06      	add	r3, sp, #24
 8001924:	68af      	ldr	r7, [r5, #8]
 8001926:	9a07      	ldr	r2, [sp, #28]
 8001928:	781e      	ldrb	r6, [r3, #0]
 800192a:	47b8      	blx	r7
 800192c:	2800      	cmp	r0, #0
 800192e:	d104      	bne.n	800193a <send.isra.0+0x22>
 8001930:	0029      	movs	r1, r5
 8001932:	0020      	movs	r0, r4
 8001934:	f7ff ff75 	bl	8001822 <fail>
 8001938:	bdf8      	pop	{r3, r4, r5, r6, r7, pc}
 800193a:	2301      	movs	r3, #1
 800193c:	7026      	strb	r6, [r4, #0]
 800193e:	7723      	strb	r3, [r4, #28]
 8001940:	e7fa      	b.n	8001938 <send.isra.0+0x20>

08001942 <oled_init>:
 8001942:	b570      	push	{r4, r5, r6, lr}
 8001944:	000c      	movs	r4, r1
 8001946:	222c      	movs	r2, #44	@ 0x2c
 8001948:	2100      	movs	r1, #0
 800194a:	0005      	movs	r5, r0
 800194c:	f7ff fa94 	bl	8000e78 <memset>
 8001950:	6923      	ldr	r3, [r4, #16]
 8001952:	4798      	blx	r3
 8001954:	6863      	ldr	r3, [r4, #4]
 8001956:	2001      	movs	r0, #1
 8001958:	4798      	blx	r3
 800195a:	6823      	ldr	r3, [r4, #0]
 800195c:	2000      	movs	r0, #0
 800195e:	4798      	blx	r3
 8001960:	2300      	movs	r3, #0
 8001962:	702b      	strb	r3, [r5, #0]
 8001964:	bd70      	pop	{r4, r5, r6, pc}

08001966 <oled_is_off>:
 8001966:	0003      	movs	r3, r0
 8001968:	7802      	ldrb	r2, [r0, #0]
 800196a:	2000      	movs	r0, #0
 800196c:	4282      	cmp	r2, r0
 800196e:	d102      	bne.n	8001976 <oled_is_off+0x10>
 8001970:	7f1b      	ldrb	r3, [r3, #28]
 8001972:	3001      	adds	r0, #1
 8001974:	4058      	eors	r0, r3
 8001976:	4770      	bx	lr

08001978 <oled_service>:
 8001978:	b5f0      	push	{r4, r5, r6, r7, lr}
 800197a:	b08f      	sub	sp, #60	@ 0x3c
 800197c:	001d      	movs	r5, r3
 800197e:	ab14      	add	r3, sp, #80	@ 0x50
 8001980:	781b      	ldrb	r3, [r3, #0]
 8001982:	9202      	str	r2, [sp, #8]
 8001984:	9303      	str	r3, [sp, #12]
 8001986:	7f03      	ldrb	r3, [r0, #28]
 8001988:	0004      	movs	r4, r0
 800198a:	000e      	movs	r6, r1
 800198c:	9f15      	ldr	r7, [sp, #84]	@ 0x54
 800198e:	2b00      	cmp	r3, #0
 8001990:	d017      	beq.n	80019c2 <oled_service+0x4a>
 8001992:	0038      	movs	r0, r7
 8001994:	68cb      	ldr	r3, [r1, #12]
 8001996:	4798      	blx	r3
 8001998:	2800      	cmp	r0, #0
 800199a:	d005      	beq.n	80019a8 <oled_service+0x30>
 800199c:	2802      	cmp	r0, #2
 800199e:	d105      	bne.n	80019ac <oled_service+0x34>
 80019a0:	0031      	movs	r1, r6
 80019a2:	0020      	movs	r0, r4
 80019a4:	f7ff ff3d 	bl	8001822 <fail>
 80019a8:	b00f      	add	sp, #60	@ 0x3c
 80019aa:	bdf0      	pop	{r4, r5, r6, r7, pc}
 80019ac:	2300      	movs	r3, #0
 80019ae:	7723      	strb	r3, [r4, #28]
 80019b0:	7823      	ldrb	r3, [r4, #0]
 80019b2:	2b10      	cmp	r3, #16
 80019b4:	d001      	beq.n	80019ba <oled_service+0x42>
 80019b6:	2b0b      	cmp	r3, #11
 80019b8:	d103      	bne.n	80019c2 <oled_service+0x4a>
 80019ba:	6973      	ldr	r3, [r6, #20]
 80019bc:	4798      	blx	r3
 80019be:	30c8      	adds	r0, #200	@ 0xc8
 80019c0:	6060      	str	r0, [r4, #4]
 80019c2:	9b02      	ldr	r3, [sp, #8]
 80019c4:	7820      	ldrb	r0, [r4, #0]
 80019c6:	2b00      	cmp	r3, #0
 80019c8:	d000      	beq.n	80019cc <oled_service+0x54>
 80019ca:	e13e      	b.n	8001c4a <oled_service+0x2d2>
 80019cc:	2800      	cmp	r0, #0
 80019ce:	d0eb      	beq.n	80019a8 <oled_service+0x30>
 80019d0:	280d      	cmp	r0, #13
 80019d2:	d900      	bls.n	80019d6 <oled_service+0x5e>
 80019d4:	e12e      	b.n	8001c34 <oled_service+0x2bc>
 80019d6:	2802      	cmp	r0, #2
 80019d8:	d814      	bhi.n	8001a04 <oled_service+0x8c>
 80019da:	2001      	movs	r0, #1
 80019dc:	6873      	ldr	r3, [r6, #4]
 80019de:	4798      	blx	r3
 80019e0:	6973      	ldr	r3, [r6, #20]
 80019e2:	4798      	blx	r3
 80019e4:	2310      	movs	r3, #16
 80019e6:	30c8      	adds	r0, #200	@ 0xc8
 80019e8:	6060      	str	r0, [r4, #4]
 80019ea:	7023      	strb	r3, [r4, #0]
 80019ec:	6863      	ldr	r3, [r4, #4]
 80019ee:	1afb      	subs	r3, r7, r3
 80019f0:	d4da      	bmi.n	80019a8 <oled_service+0x30>
 80019f2:	2001      	movs	r0, #1
 80019f4:	6873      	ldr	r3, [r6, #4]
 80019f6:	4798      	blx	r3
 80019f8:	6833      	ldr	r3, [r6, #0]
 80019fa:	2000      	movs	r0, #0
 80019fc:	4798      	blx	r3
 80019fe:	2300      	movs	r3, #0
 8001a00:	77a3      	strb	r3, [r4, #30]
 8001a02:	e015      	b.n	8001a30 <oled_service+0xb8>
 8001a04:	230e      	movs	r3, #14
 8001a06:	7023      	strb	r3, [r4, #0]
 8001a08:	4b9c      	ldr	r3, [pc, #624]	@ (8001c7c <oled_service+0x304>)
 8001a0a:	aa04      	add	r2, sp, #16
 8001a0c:	8113      	strh	r3, [r2, #8]
 8001a0e:	230f      	movs	r3, #15
 8001a10:	9701      	str	r7, [sp, #4]
 8001a12:	9300      	str	r3, [sp, #0]
 8001a14:	3b0d      	subs	r3, #13
 8001a16:	e0a3      	b.n	8001b60 <oled_service+0x1e8>
 8001a18:	2001      	movs	r0, #1
 8001a1a:	6873      	ldr	r3, [r6, #4]
 8001a1c:	4798      	blx	r3
 8001a1e:	2001      	movs	r0, #1
 8001a20:	6833      	ldr	r3, [r6, #0]
 8001a22:	4798      	blx	r3
 8001a24:	6973      	ldr	r3, [r6, #20]
 8001a26:	4798      	blx	r3
 8001a28:	2301      	movs	r3, #1
 8001a2a:	60a0      	str	r0, [r4, #8]
 8001a2c:	30fa      	adds	r0, #250	@ 0xfa
 8001a2e:	6060      	str	r0, [r4, #4]
 8001a30:	7023      	strb	r3, [r4, #0]
 8001a32:	e7b9      	b.n	80019a8 <oled_service+0x30>
 8001a34:	6863      	ldr	r3, [r4, #4]
 8001a36:	1afb      	subs	r3, r7, r3
 8001a38:	d4b6      	bmi.n	80019a8 <oled_service+0x30>
 8001a3a:	3702      	adds	r7, #2
 8001a3c:	2302      	movs	r3, #2
 8001a3e:	6067      	str	r7, [r4, #4]
 8001a40:	e7f6      	b.n	8001a30 <oled_service+0xb8>
 8001a42:	6863      	ldr	r3, [r4, #4]
 8001a44:	1afb      	subs	r3, r7, r3
 8001a46:	d4af      	bmi.n	80019a8 <oled_service+0x30>
 8001a48:	2000      	movs	r0, #0
 8001a4a:	6873      	ldr	r3, [r6, #4]
 8001a4c:	4798      	blx	r3
 8001a4e:	6973      	ldr	r3, [r6, #20]
 8001a50:	4798      	blx	r3
 8001a52:	3002      	adds	r0, #2
 8001a54:	2303      	movs	r3, #3
 8001a56:	6060      	str	r0, [r4, #4]
 8001a58:	e7ea      	b.n	8001a30 <oled_service+0xb8>
 8001a5a:	6863      	ldr	r3, [r4, #4]
 8001a5c:	1afb      	subs	r3, r7, r3
 8001a5e:	d4a3      	bmi.n	80019a8 <oled_service+0x30>
 8001a60:	2304      	movs	r3, #4
 8001a62:	4a87      	ldr	r2, [pc, #540]	@ (8001c80 <oled_service+0x308>)
 8001a64:	9300      	str	r3, [sp, #0]
 8001a66:	9701      	str	r7, [sp, #4]
 8001a68:	3315      	adds	r3, #21
 8001a6a:	0031      	movs	r1, r6
 8001a6c:	0020      	movs	r0, r4
 8001a6e:	f7ff ff53 	bl	8001918 <send.isra.0>
 8001a72:	e799      	b.n	80019a8 <oled_service+0x30>
 8001a74:	2301      	movs	r3, #1
 8001a76:	7763      	strb	r3, [r4, #29]
 8001a78:	2300      	movs	r3, #0
 8001a7a:	1ca2      	adds	r2, r4, #2
 8001a7c:	77d3      	strb	r3, [r2, #31]
 8001a7e:	1ce2      	adds	r2, r4, #3
 8001a80:	77d3      	strb	r3, [r2, #31]
 8001a82:	2305      	movs	r3, #5
 8001a84:	e7d4      	b.n	8001a30 <oled_service+0xb8>
 8001a86:	2300      	movs	r3, #0
 8001a88:	210f      	movs	r1, #15
 8001a8a:	aa06      	add	r2, sp, #24
 8001a8c:	7013      	strb	r3, [r2, #0]
 8001a8e:	1ca3      	adds	r3, r4, #2
 8001a90:	7fdb      	ldrb	r3, [r3, #31]
 8001a92:	3b50      	subs	r3, #80	@ 0x50
 8001a94:	7053      	strb	r3, [r2, #1]
 8001a96:	1ce3      	adds	r3, r4, #3
 8001a98:	7fdb      	ldrb	r3, [r3, #31]
 8001a9a:	4019      	ands	r1, r3
 8001a9c:	091b      	lsrs	r3, r3, #4
 8001a9e:	3310      	adds	r3, #16
 8001aa0:	70d3      	strb	r3, [r2, #3]
 8001aa2:	2306      	movs	r3, #6
 8001aa4:	7091      	strb	r1, [r2, #2]
 8001aa6:	9300      	str	r3, [sp, #0]
 8001aa8:	9701      	str	r7, [sp, #4]
 8001aaa:	3b02      	subs	r3, #2
 8001aac:	e7dd      	b.n	8001a6a <oled_service+0xf2>
 8001aae:	2340      	movs	r3, #64	@ 0x40
 8001ab0:	2500      	movs	r5, #0
 8001ab2:	aa04      	add	r2, sp, #16
 8001ab4:	7213      	strb	r3, [r2, #8]
 8001ab6:	7f63      	ldrb	r3, [r4, #29]
 8001ab8:	9302      	str	r3, [sp, #8]
 8001aba:	1ca3      	adds	r3, r4, #2
 8001abc:	9303      	str	r3, [sp, #12]
 8001abe:	3321      	adds	r3, #33	@ 0x21
 8001ac0:	9304      	str	r3, [sp, #16]
 8001ac2:	1ce3      	adds	r3, r4, #3
 8001ac4:	9305      	str	r3, [sp, #20]
 8001ac6:	2000      	movs	r0, #0
 8001ac8:	9b02      	ldr	r3, [sp, #8]
 8001aca:	4283      	cmp	r3, r0
 8001acc:	d110      	bne.n	8001af0 <oled_service+0x178>
 8001ace:	486d      	ldr	r0, [pc, #436]	@ (8001c84 <oled_service+0x30c>)
 8001ad0:	68e1      	ldr	r1, [r4, #12]
 8001ad2:	9b03      	ldr	r3, [sp, #12]
 8001ad4:	1809      	adds	r1, r1, r0
 8001ad6:	4248      	negs	r0, r1
 8001ad8:	4141      	adcs	r1, r0
 8001ada:	9805      	ldr	r0, [sp, #20]
 8001adc:	7fdb      	ldrb	r3, [r3, #31]
 8001ade:	7fc0      	ldrb	r0, [r0, #31]
 8001ae0:	7fe2      	ldrb	r2, [r4, #31]
 8001ae2:	1940      	adds	r0, r0, r5
 8001ae4:	b2c0      	uxtb	r0, r0
 8001ae6:	9000      	str	r0, [sp, #0]
 8001ae8:	b2c9      	uxtb	r1, r1
 8001aea:	9804      	ldr	r0, [sp, #16]
 8001aec:	f7ff feae 	bl	800184c <glyph_byte>
 8001af0:	3501      	adds	r5, #1
 8001af2:	aa06      	add	r2, sp, #24
 8001af4:	54a8      	strb	r0, [r5, r2]
 8001af6:	2d10      	cmp	r5, #16
 8001af8:	d1e5      	bne.n	8001ac6 <oled_service+0x14e>
 8001afa:	2307      	movs	r3, #7
 8001afc:	9701      	str	r7, [sp, #4]
 8001afe:	9300      	str	r3, [sp, #0]
 8001b00:	330a      	adds	r3, #10
 8001b02:	e7b2      	b.n	8001a6a <oled_service+0xf2>
 8001b04:	1ce1      	adds	r1, r4, #3
 8001b06:	7fcb      	ldrb	r3, [r1, #31]
 8001b08:	1ca2      	adds	r2, r4, #2
 8001b0a:	3310      	adds	r3, #16
 8001b0c:	b2db      	uxtb	r3, r3
 8001b0e:	77cb      	strb	r3, [r1, #31]
 8001b10:	2b80      	cmp	r3, #128	@ 0x80
 8001b12:	d104      	bne.n	8001b1e <oled_service+0x1a6>
 8001b14:	2000      	movs	r0, #0
 8001b16:	7fd3      	ldrb	r3, [r2, #31]
 8001b18:	77c8      	strb	r0, [r1, #31]
 8001b1a:	3301      	adds	r3, #1
 8001b1c:	77d3      	strb	r3, [r2, #31]
 8001b1e:	7fd3      	ldrb	r3, [r2, #31]
 8001b20:	2b07      	cmp	r3, #7
 8001b22:	d9ae      	bls.n	8001a82 <oled_service+0x10a>
 8001b24:	7f63      	ldrb	r3, [r4, #29]
 8001b26:	2b00      	cmp	r3, #0
 8001b28:	d001      	beq.n	8001b2e <oled_service+0x1b6>
 8001b2a:	2308      	movs	r3, #8
 8001b2c:	e780      	b.n	8001a30 <oled_service+0xb8>
 8001b2e:	68e3      	ldr	r3, [r4, #12]
 8001b30:	7fe2      	ldrb	r2, [r4, #31]
 8001b32:	6123      	str	r3, [r4, #16]
 8001b34:	1c63      	adds	r3, r4, #1
 8001b36:	77da      	strb	r2, [r3, #31]
 8001b38:	2301      	movs	r3, #1
 8001b3a:	77a3      	strb	r3, [r4, #30]
 8001b3c:	330b      	adds	r3, #11
 8001b3e:	e777      	b.n	8001a30 <oled_service+0xb8>
 8001b40:	68a3      	ldr	r3, [r4, #8]
 8001b42:	1afb      	subs	r3, r7, r3
 8001b44:	2bc8      	cmp	r3, #200	@ 0xc8
 8001b46:	d500      	bpl.n	8001b4a <oled_service+0x1d2>
 8001b48:	e72e      	b.n	80019a8 <oled_service+0x30>
 8001b4a:	2309      	movs	r3, #9
 8001b4c:	e770      	b.n	8001a30 <oled_service+0xb8>
 8001b4e:	4b4e      	ldr	r3, [pc, #312]	@ (8001c88 <oled_service+0x310>)
 8001b50:	aa04      	add	r2, sp, #16
 8001b52:	8113      	strh	r3, [r2, #8]
 8001b54:	2314      	movs	r3, #20
 8001b56:	7293      	strb	r3, [r2, #10]
 8001b58:	3b0a      	subs	r3, #10
 8001b5a:	9300      	str	r3, [sp, #0]
 8001b5c:	9701      	str	r7, [sp, #4]
 8001b5e:	3b07      	subs	r3, #7
 8001b60:	aa06      	add	r2, sp, #24
 8001b62:	e782      	b.n	8001a6a <oled_service+0xf2>
 8001b64:	4b49      	ldr	r3, [pc, #292]	@ (8001c8c <oled_service+0x314>)
 8001b66:	aa04      	add	r2, sp, #16
 8001b68:	8113      	strh	r3, [r2, #8]
 8001b6a:	230b      	movs	r3, #11
 8001b6c:	9701      	str	r7, [sp, #4]
 8001b6e:	9300      	str	r3, [sp, #0]
 8001b70:	3b09      	subs	r3, #9
 8001b72:	e7f5      	b.n	8001b60 <oled_service+0x1e8>
 8001b74:	6863      	ldr	r3, [r4, #4]
 8001b76:	1afb      	subs	r3, r7, r3
 8001b78:	d500      	bpl.n	8001b7c <oled_service+0x204>
 8001b7a:	e715      	b.n	80019a8 <oled_service+0x30>
 8001b7c:	2300      	movs	r3, #0
 8001b7e:	77a3      	strb	r3, [r4, #30]
 8001b80:	330c      	adds	r3, #12
 8001b82:	e755      	b.n	8001a30 <oled_service+0xb8>
 8001b84:	7fa3      	ldrb	r3, [r4, #30]
 8001b86:	2b00      	cmp	r3, #0
 8001b88:	d008      	beq.n	8001b9c <oled_service+0x224>
 8001b8a:	6923      	ldr	r3, [r4, #16]
 8001b8c:	42ab      	cmp	r3, r5
 8001b8e:	d105      	bne.n	8001b9c <oled_service+0x224>
 8001b90:	1c63      	adds	r3, r4, #1
 8001b92:	7fdb      	ldrb	r3, [r3, #31]
 8001b94:	9a03      	ldr	r2, [sp, #12]
 8001b96:	4293      	cmp	r3, r2
 8001b98:	d100      	bne.n	8001b9c <oled_service+0x224>
 8001b9a:	e705      	b.n	80019a8 <oled_service+0x30>
 8001b9c:	9b03      	ldr	r3, [sp, #12]
 8001b9e:	1ca2      	adds	r2, r4, #2
 8001ba0:	77e3      	strb	r3, [r4, #31]
 8001ba2:	2300      	movs	r3, #0
 8001ba4:	60e5      	str	r5, [r4, #12]
 8001ba6:	7763      	strb	r3, [r4, #29]
 8001ba8:	77d3      	strb	r3, [r2, #31]
 8001baa:	1ce2      	adds	r2, r4, #3
 8001bac:	77d3      	strb	r3, [r2, #31]
 8001bae:	0023      	movs	r3, r4
 8001bb0:	2208      	movs	r2, #8
 8001bb2:	332b      	adds	r3, #43	@ 0x2b
 8001bb4:	61a5      	str	r5, [r4, #24]
 8001bb6:	701a      	strb	r2, [r3, #0]
 8001bb8:	230d      	movs	r3, #13
 8001bba:	e739      	b.n	8001a30 <oled_service+0xb8>
 8001bbc:	0023      	movs	r3, r4
 8001bbe:	332b      	adds	r3, #43	@ 0x2b
 8001bc0:	781d      	ldrb	r5, [r3, #0]
 8001bc2:	3d01      	subs	r5, #1
 8001bc4:	b2ed      	uxtb	r5, r5
 8001bc6:	701d      	strb	r5, [r3, #0]
 8001bc8:	69a6      	ldr	r6, [r4, #24]
 8001bca:	2e00      	cmp	r6, #0
 8001bcc:	d102      	bne.n	8001bd4 <oled_service+0x25c>
 8001bce:	210a      	movs	r1, #10
 8001bd0:	2d07      	cmp	r5, #7
 8001bd2:	d104      	bne.n	8001bde <oled_service+0x266>
 8001bd4:	210a      	movs	r1, #10
 8001bd6:	0030      	movs	r0, r6
 8001bd8:	f000 f94c 	bl	8001e74 <__aeabi_uidivmod>
 8001bdc:	b2c9      	uxtb	r1, r1
 8001bde:	1963      	adds	r3, r4, r5
 8001be0:	3304      	adds	r3, #4
 8001be2:	77d9      	strb	r1, [r3, #31]
 8001be4:	0030      	movs	r0, r6
 8001be6:	210a      	movs	r1, #10
 8001be8:	f000 f8be 	bl	8001d68 <__udivsi3>
 8001bec:	61a0      	str	r0, [r4, #24]
 8001bee:	2d00      	cmp	r5, #0
 8001bf0:	d100      	bne.n	8001bf4 <oled_service+0x27c>
 8001bf2:	e746      	b.n	8001a82 <oled_service+0x10a>
 8001bf4:	e6d8      	b.n	80019a8 <oled_service+0x30>
 8001bf6:	4b24      	ldr	r3, [pc, #144]	@ (8001c88 <oled_service+0x310>)
 8001bf8:	aa04      	add	r2, sp, #16
 8001bfa:	8113      	strh	r3, [r2, #8]
 8001bfc:	2310      	movs	r3, #16
 8001bfe:	7293      	strb	r3, [r2, #10]
 8001c00:	9701      	str	r7, [sp, #4]
 8001c02:	e706      	b.n	8001a12 <oled_service+0x9a>
 8001c04:	6863      	ldr	r3, [r4, #4]
 8001c06:	1afb      	subs	r3, r7, r3
 8001c08:	d500      	bpl.n	8001c0c <oled_service+0x294>
 8001c0a:	e6cd      	b.n	80019a8 <oled_service+0x30>
 8001c0c:	6833      	ldr	r3, [r6, #0]
 8001c0e:	2000      	movs	r0, #0
 8001c10:	4798      	blx	r3
 8001c12:	23fa      	movs	r3, #250	@ 0xfa
 8001c14:	009b      	lsls	r3, r3, #2
 8001c16:	18ff      	adds	r7, r7, r3
 8001c18:	2300      	movs	r3, #0
 8001c1a:	9a02      	ldr	r2, [sp, #8]
 8001c1c:	6067      	str	r7, [r4, #4]
 8001c1e:	429a      	cmp	r2, r3
 8001c20:	d100      	bne.n	8001c24 <oled_service+0x2ac>
 8001c22:	e705      	b.n	8001a30 <oled_service+0xb8>
 8001c24:	3312      	adds	r3, #18
 8001c26:	e703      	b.n	8001a30 <oled_service+0xb8>
 8001c28:	6863      	ldr	r3, [r4, #4]
 8001c2a:	1afb      	subs	r3, r7, r3
 8001c2c:	d500      	bpl.n	8001c30 <oled_service+0x2b8>
 8001c2e:	e6bb      	b.n	80019a8 <oled_service+0x30>
 8001c30:	2300      	movs	r3, #0
 8001c32:	e6fd      	b.n	8001a30 <oled_service+0xb8>
 8001c34:	380e      	subs	r0, #14
 8001c36:	2804      	cmp	r0, #4
 8001c38:	d900      	bls.n	8001c3c <oled_service+0x2c4>
 8001c3a:	e6b5      	b.n	80019a8 <oled_service+0x30>
 8001c3c:	f000 f880 	bl	8001d40 <__gnu_thumb1_case_shi>
 8001c40:	ffdbfee4 	.word	0xffdbfee4
 8001c44:	ffe2fed6 	.word	0xffe2fed6
 8001c48:	fff8      	.short	0xfff8
 8001c4a:	2812      	cmp	r0, #18
 8001c4c:	d900      	bls.n	8001c50 <oled_service+0x2d8>
 8001c4e:	e6ab      	b.n	80019a8 <oled_service+0x30>
 8001c50:	f000 f876 	bl	8001d40 <__gnu_thumb1_case_shi>
 8001c54:	fef0fee2 	.word	0xfef0fee2
 8001c58:	ff03fef7 	.word	0xff03fef7
 8001c5c:	ff19ff10 	.word	0xff19ff10
 8001c60:	ff58ff2d 	.word	0xff58ff2d
 8001c64:	ff7dff76 	.word	0xff7dff76
 8001c68:	ff90ff88 	.word	0xff90ff88
 8001c6c:	ffb4ff98 	.word	0xffb4ff98
 8001c70:	ffd1feda 	.word	0xffd1feda
 8001c74:	ffd8fecc 	.word	0xffd8fecc
 8001c78:	ffea      	.short	0xffea
 8001c7a:	46c0      	nop			@ (mov r8, r8)
 8001c7c:	ffffae00 	.word	0xffffae00
 8001c80:	08001ef0 	.word	0x08001ef0
 8001c84:	fa0a1f01 	.word	0xfa0a1f01
 8001c88:	ffff8d00 	.word	0xffff8d00
 8001c8c:	ffffaf00 	.word	0xffffaf00

08001c90 <rail_invalid>:
 8001c90:	2300      	movs	r3, #0
 8001c92:	80c3      	strh	r3, [r0, #6]
 8001c94:	7203      	strb	r3, [r0, #8]
 8001c96:	4770      	bx	lr

08001c98 <rail_sample>:
 8001c98:	b570      	push	{r4, r5, r6, lr}
 8001c9a:	000e      	movs	r6, r1
 8001c9c:	0011      	movs	r1, r2
 8001c9e:	22fa      	movs	r2, #250	@ 0xfa
 8001ca0:	001d      	movs	r5, r3
 8001ca2:	4b19      	ldr	r3, [pc, #100]	@ (8001d08 <rail_sample+0x70>)
 8001ca4:	0004      	movs	r4, r0
 8001ca6:	18f3      	adds	r3, r6, r3
 8001ca8:	b29b      	uxth	r3, r3
 8001caa:	0092      	lsls	r2, r2, #2
 8001cac:	4293      	cmp	r3, r2
 8001cae:	d804      	bhi.n	8001cba <rail_sample+0x22>
 8001cb0:	1e4b      	subs	r3, r1, #1
 8001cb2:	4a16      	ldr	r2, [pc, #88]	@ (8001d0c <rail_sample+0x74>)
 8001cb4:	b29b      	uxth	r3, r3
 8001cb6:	4293      	cmp	r3, r2
 8001cb8:	d903      	bls.n	8001cc2 <rail_sample+0x2a>
 8001cba:	2300      	movs	r3, #0
 8001cbc:	80e3      	strh	r3, [r4, #6]
 8001cbe:	7223      	strb	r3, [r4, #8]
 8001cc0:	bd70      	pop	{r4, r5, r6, pc}
 8001cc2:	4813      	ldr	r0, [pc, #76]	@ (8001d10 <rail_sample+0x78>)
 8001cc4:	4370      	muls	r0, r6
 8001cc6:	f000 f84f 	bl	8001d68 <__udivsi3>
 8001cca:	4b12      	ldr	r3, [pc, #72]	@ (8001d14 <rail_sample+0x7c>)
 8001ccc:	18c2      	adds	r2, r0, r3
 8001cce:	4b12      	ldr	r3, [pc, #72]	@ (8001d18 <rail_sample+0x80>)
 8001cd0:	429a      	cmp	r2, r3
 8001cd2:	d8f2      	bhi.n	8001cba <rail_sample+0x22>
 8001cd4:	2201      	movs	r2, #1
 8001cd6:	4b11      	ldr	r3, [pc, #68]	@ (8001d1c <rail_sample+0x84>)
 8001cd8:	80a0      	strh	r0, [r4, #4]
 8001cda:	6025      	str	r5, [r4, #0]
 8001cdc:	71e2      	strb	r2, [r4, #7]
 8001cde:	4298      	cmp	r0, r3
 8001ce0:	d803      	bhi.n	8001cea <rail_sample+0x52>
 8001ce2:	2300      	movs	r3, #0
 8001ce4:	7223      	strb	r3, [r4, #8]
 8001ce6:	71a3      	strb	r3, [r4, #6]
 8001ce8:	e7ea      	b.n	8001cc0 <rail_sample+0x28>
 8001cea:	7a23      	ldrb	r3, [r4, #8]
 8001cec:	2b00      	cmp	r3, #0
 8001cee:	d1e7      	bne.n	8001cc0 <rail_sample+0x28>
 8001cf0:	490b      	ldr	r1, [pc, #44]	@ (8001d20 <rail_sample+0x88>)
 8001cf2:	4288      	cmp	r0, r1
 8001cf4:	d9f7      	bls.n	8001ce6 <rail_sample+0x4e>
 8001cf6:	79a3      	ldrb	r3, [r4, #6]
 8001cf8:	3301      	adds	r3, #1
 8001cfa:	b2db      	uxtb	r3, r3
 8001cfc:	71a3      	strb	r3, [r4, #6]
 8001cfe:	2b02      	cmp	r3, #2
 8001d00:	d9de      	bls.n	8001cc0 <rail_sample+0x28>
 8001d02:	7222      	strb	r2, [r4, #8]
 8001d04:	e7dc      	b.n	8001cc0 <rail_sample+0x28>
 8001d06:	46c0      	nop			@ (mov r8, r8)
 8001d08:	fffffc18 	.word	0xfffffc18
 8001d0c:	00000ffd 	.word	0x00000ffd
 8001d10:	00000bb8 	.word	0x00000bb8
 8001d14:	fffff9c0 	.word	0xfffff9c0
 8001d18:	00000802 	.word	0x00000802
 8001d1c:	00000bfd 	.word	0x00000bfd
 8001d20:	00000c07 	.word	0x00000c07

08001d24 <rail_display_allowed>:
 8001d24:	2300      	movs	r3, #0
 8001d26:	79c2      	ldrb	r2, [r0, #7]
 8001d28:	429a      	cmp	r2, r3
 8001d2a:	d007      	beq.n	8001d3c <rail_display_allowed+0x18>
 8001d2c:	7a02      	ldrb	r2, [r0, #8]
 8001d2e:	429a      	cmp	r2, r3
 8001d30:	d004      	beq.n	8001d3c <rail_display_allowed+0x18>
 8001d32:	6802      	ldr	r2, [r0, #0]
 8001d34:	1a89      	subs	r1, r1, r2
 8001d36:	221e      	movs	r2, #30
 8001d38:	428a      	cmp	r2, r1
 8001d3a:	415b      	adcs	r3, r3
 8001d3c:	0018      	movs	r0, r3
 8001d3e:	4770      	bx	lr

08001d40 <__gnu_thumb1_case_shi>:
 8001d40:	b403      	push	{r0, r1}
 8001d42:	4671      	mov	r1, lr
 8001d44:	0849      	lsrs	r1, r1, #1
 8001d46:	0040      	lsls	r0, r0, #1
 8001d48:	0049      	lsls	r1, r1, #1
 8001d4a:	5e09      	ldrsh	r1, [r1, r0]
 8001d4c:	0049      	lsls	r1, r1, #1
 8001d4e:	448e      	add	lr, r1
 8001d50:	bc03      	pop	{r0, r1}
 8001d52:	4770      	bx	lr

08001d54 <__gnu_thumb1_case_uhi>:
 8001d54:	b403      	push	{r0, r1}
 8001d56:	4671      	mov	r1, lr
 8001d58:	0849      	lsrs	r1, r1, #1
 8001d5a:	0040      	lsls	r0, r0, #1
 8001d5c:	0049      	lsls	r1, r1, #1
 8001d5e:	5a09      	ldrh	r1, [r1, r0]
 8001d60:	0049      	lsls	r1, r1, #1
 8001d62:	448e      	add	lr, r1
 8001d64:	bc03      	pop	{r0, r1}
 8001d66:	4770      	bx	lr

08001d68 <__udivsi3>:
 8001d68:	2200      	movs	r2, #0
 8001d6a:	0843      	lsrs	r3, r0, #1
 8001d6c:	428b      	cmp	r3, r1
 8001d6e:	d374      	bcc.n	8001e5a <__udivsi3+0xf2>
 8001d70:	0903      	lsrs	r3, r0, #4
 8001d72:	428b      	cmp	r3, r1
 8001d74:	d35f      	bcc.n	8001e36 <__udivsi3+0xce>
 8001d76:	0a03      	lsrs	r3, r0, #8
 8001d78:	428b      	cmp	r3, r1
 8001d7a:	d344      	bcc.n	8001e06 <__udivsi3+0x9e>
 8001d7c:	0b03      	lsrs	r3, r0, #12
 8001d7e:	428b      	cmp	r3, r1
 8001d80:	d328      	bcc.n	8001dd4 <__udivsi3+0x6c>
 8001d82:	0c03      	lsrs	r3, r0, #16
 8001d84:	428b      	cmp	r3, r1
 8001d86:	d30d      	bcc.n	8001da4 <__udivsi3+0x3c>
 8001d88:	22ff      	movs	r2, #255	@ 0xff
 8001d8a:	0209      	lsls	r1, r1, #8
 8001d8c:	ba12      	rev	r2, r2
 8001d8e:	0c03      	lsrs	r3, r0, #16
 8001d90:	428b      	cmp	r3, r1
 8001d92:	d302      	bcc.n	8001d9a <__udivsi3+0x32>
 8001d94:	1212      	asrs	r2, r2, #8
 8001d96:	0209      	lsls	r1, r1, #8
 8001d98:	d065      	beq.n	8001e66 <__udivsi3+0xfe>
 8001d9a:	0b03      	lsrs	r3, r0, #12
 8001d9c:	428b      	cmp	r3, r1
 8001d9e:	d319      	bcc.n	8001dd4 <__udivsi3+0x6c>
 8001da0:	e000      	b.n	8001da4 <__udivsi3+0x3c>
 8001da2:	0a09      	lsrs	r1, r1, #8
 8001da4:	0bc3      	lsrs	r3, r0, #15
 8001da6:	428b      	cmp	r3, r1
 8001da8:	d301      	bcc.n	8001dae <__udivsi3+0x46>
 8001daa:	03cb      	lsls	r3, r1, #15
 8001dac:	1ac0      	subs	r0, r0, r3
 8001dae:	4152      	adcs	r2, r2
 8001db0:	0b83      	lsrs	r3, r0, #14
 8001db2:	428b      	cmp	r3, r1
 8001db4:	d301      	bcc.n	8001dba <__udivsi3+0x52>
 8001db6:	038b      	lsls	r3, r1, #14
 8001db8:	1ac0      	subs	r0, r0, r3
 8001dba:	4152      	adcs	r2, r2
 8001dbc:	0b43      	lsrs	r3, r0, #13
 8001dbe:	428b      	cmp	r3, r1
 8001dc0:	d301      	bcc.n	8001dc6 <__udivsi3+0x5e>
 8001dc2:	034b      	lsls	r3, r1, #13
 8001dc4:	1ac0      	subs	r0, r0, r3
 8001dc6:	4152      	adcs	r2, r2
 8001dc8:	0b03      	lsrs	r3, r0, #12
 8001dca:	428b      	cmp	r3, r1
 8001dcc:	d301      	bcc.n	8001dd2 <__udivsi3+0x6a>
 8001dce:	030b      	lsls	r3, r1, #12
 8001dd0:	1ac0      	subs	r0, r0, r3
 8001dd2:	4152      	adcs	r2, r2
 8001dd4:	0ac3      	lsrs	r3, r0, #11
 8001dd6:	428b      	cmp	r3, r1
 8001dd8:	d301      	bcc.n	8001dde <__udivsi3+0x76>
 8001dda:	02cb      	lsls	r3, r1, #11
 8001ddc:	1ac0      	subs	r0, r0, r3
 8001dde:	4152      	adcs	r2, r2
 8001de0:	0a83      	lsrs	r3, r0, #10
 8001de2:	428b      	cmp	r3, r1
 8001de4:	d301      	bcc.n	8001dea <__udivsi3+0x82>
 8001de6:	028b      	lsls	r3, r1, #10
 8001de8:	1ac0      	subs	r0, r0, r3
 8001dea:	4152      	adcs	r2, r2
 8001dec:	0a43      	lsrs	r3, r0, #9
 8001dee:	428b      	cmp	r3, r1
 8001df0:	d301      	bcc.n	8001df6 <__udivsi3+0x8e>
 8001df2:	024b      	lsls	r3, r1, #9
 8001df4:	1ac0      	subs	r0, r0, r3
 8001df6:	4152      	adcs	r2, r2
 8001df8:	0a03      	lsrs	r3, r0, #8
 8001dfa:	428b      	cmp	r3, r1
 8001dfc:	d301      	bcc.n	8001e02 <__udivsi3+0x9a>
 8001dfe:	020b      	lsls	r3, r1, #8
 8001e00:	1ac0      	subs	r0, r0, r3
 8001e02:	4152      	adcs	r2, r2
 8001e04:	d2cd      	bcs.n	8001da2 <__udivsi3+0x3a>
 8001e06:	09c3      	lsrs	r3, r0, #7
 8001e08:	428b      	cmp	r3, r1
 8001e0a:	d301      	bcc.n	8001e10 <__udivsi3+0xa8>
 8001e0c:	01cb      	lsls	r3, r1, #7
 8001e0e:	1ac0      	subs	r0, r0, r3
 8001e10:	4152      	adcs	r2, r2
 8001e12:	0983      	lsrs	r3, r0, #6
 8001e14:	428b      	cmp	r3, r1
 8001e16:	d301      	bcc.n	8001e1c <__udivsi3+0xb4>
 8001e18:	018b      	lsls	r3, r1, #6
 8001e1a:	1ac0      	subs	r0, r0, r3
 8001e1c:	4152      	adcs	r2, r2
 8001e1e:	0943      	lsrs	r3, r0, #5
 8001e20:	428b      	cmp	r3, r1
 8001e22:	d301      	bcc.n	8001e28 <__udivsi3+0xc0>
 8001e24:	014b      	lsls	r3, r1, #5
 8001e26:	1ac0      	subs	r0, r0, r3
 8001e28:	4152      	adcs	r2, r2
 8001e2a:	0903      	lsrs	r3, r0, #4
 8001e2c:	428b      	cmp	r3, r1
 8001e2e:	d301      	bcc.n	8001e34 <__udivsi3+0xcc>
 8001e30:	010b      	lsls	r3, r1, #4
 8001e32:	1ac0      	subs	r0, r0, r3
 8001e34:	4152      	adcs	r2, r2
 8001e36:	08c3      	lsrs	r3, r0, #3
 8001e38:	428b      	cmp	r3, r1
 8001e3a:	d301      	bcc.n	8001e40 <__udivsi3+0xd8>
 8001e3c:	00cb      	lsls	r3, r1, #3
 8001e3e:	1ac0      	subs	r0, r0, r3
 8001e40:	4152      	adcs	r2, r2
 8001e42:	0883      	lsrs	r3, r0, #2
 8001e44:	428b      	cmp	r3, r1
 8001e46:	d301      	bcc.n	8001e4c <__udivsi3+0xe4>
 8001e48:	008b      	lsls	r3, r1, #2
 8001e4a:	1ac0      	subs	r0, r0, r3
 8001e4c:	4152      	adcs	r2, r2
 8001e4e:	0843      	lsrs	r3, r0, #1
 8001e50:	428b      	cmp	r3, r1
 8001e52:	d301      	bcc.n	8001e58 <__udivsi3+0xf0>
 8001e54:	004b      	lsls	r3, r1, #1
 8001e56:	1ac0      	subs	r0, r0, r3
 8001e58:	4152      	adcs	r2, r2
 8001e5a:	1a41      	subs	r1, r0, r1
 8001e5c:	d200      	bcs.n	8001e60 <__udivsi3+0xf8>
 8001e5e:	4601      	mov	r1, r0
 8001e60:	4152      	adcs	r2, r2
 8001e62:	4610      	mov	r0, r2
 8001e64:	4770      	bx	lr
 8001e66:	e7ff      	b.n	8001e68 <__udivsi3+0x100>
 8001e68:	b501      	push	{r0, lr}
 8001e6a:	2000      	movs	r0, #0
 8001e6c:	f000 f806 	bl	8001e7c <__aeabi_idiv0>
 8001e70:	bd02      	pop	{r1, pc}
 8001e72:	46c0      	nop			@ (mov r8, r8)

08001e74 <__aeabi_uidivmod>:
 8001e74:	2900      	cmp	r1, #0
 8001e76:	d0f7      	beq.n	8001e68 <__udivsi3+0x100>
 8001e78:	e776      	b.n	8001d68 <__udivsi3>
 8001e7a:	4770      	bx	lr

08001e7c <__aeabi_idiv0>:
 8001e7c:	4770      	bx	lr
 8001e7e:	46c0      	nop			@ (mov r8, r8)

08001e80 <__stop_from_ram_veneer>:
 8001e80:	b401      	push	{r0}
 8001e82:	4802      	ldr	r0, [pc, #8]	@ (8001e8c <__stop_from_ram_veneer+0xc>)
 8001e84:	4684      	mov	ip, r0
 8001e86:	bc01      	pop	{r0}
 8001e88:	4760      	bx	ip
 8001e8a:	bf00      	nop
 8001e8c:	20000001 	.word	0x20000001

08001e90 <oled_hal>:
 8001e90:	08000115 08000165 08000355 0800022d     ....e...U...-...
 8001ea0:	080001e5 08000109                       ........

08001ea8 <err_label>:
 8001ea8:	0011151f 001a051f                        ...........

08001eb3 <max_label>:
 8001eb3:	001f021f 001e051e                        ...........

08001ebe <digits>:
 8001ebe:	4549513e 7f42003e 61420040 21464951     >QIE>.B.@.BaQIF!
 8001ece:	314b4541 7f121418 45452710 4a3c3945     AEK1.....'EEE9<J
 8001ede:	01304949 03050971 49494936 49490636     II0.q...6III6.II
 8001eee:	                                         ).

08001ef0 <initialization>:
 8001ef0:	108dae00 00d33fa8 40a6c8a1 d91081a4     .....?.....@....
 8001f00:	da80d5f1 db022012                        ..... ..0

Disassembly of section .data:

20000000 <stop_from_ram>:
20000000:	2110      	movs	r1, #16
20000002:	4b0a      	ldr	r3, [pc, #40]	@ (2000002c <stop_from_ram+0x2c>)
20000004:	4a0a      	ldr	r2, [pc, #40]	@ (20000030 <stop_from_ram+0x30>)
20000006:	609a      	str	r2, [r3, #8]
20000008:	4a0a      	ldr	r2, [pc, #40]	@ (20000034 <stop_from_ram+0x34>)
2000000a:	609a      	str	r2, [r3, #8]
2000000c:	681a      	ldr	r2, [r3, #0]
2000000e:	430a      	orrs	r2, r1
20000010:	601a      	str	r2, [r3, #0]
20000012:	f3bf 8f4f 	dsb	sy
20000016:	f3bf 8f6f 	isb	sy
2000001a:	bf30      	wfi
2000001c:	681a      	ldr	r2, [r3, #0]
2000001e:	438a      	bics	r2, r1
20000020:	601a      	str	r2, [r3, #0]
20000022:	f3bf 8f4f 	dsb	sy
20000026:	f3bf 8f6f 	isb	sy
2000002a:	4770      	bx	lr
2000002c:	40022000 	.word	0x40022000
20000030:	04152637 	.word	0x04152637
20000034:	fafbfcfd 	.word	0xfafbfcfd
